Date,kWh,Temp_avg,Dew_avg,Hum_avg,Wind_avg,Press_avg,Precipit
2017-01-01,0.5083333333333333,67.5,63.8,88.1,2.7,29.7,0.3
2017-01-02,0.3618333333333333,68.8,60.2,76.1,7.9,29.9,0.0
2017-01-03,0.6588333333333333,73.6,54.4,55.5,11.2,29.9,0.0
2017-01-04,0.4741666666666666,70.6,62.7,77.0,12.9,29.8,0.0
2017-01-05,0.6934166666666667,70.7,49.0,50.6,7.1,29.9,0.0
2017-01-06,0.906625,77.0,70.7,81.3,9.3,29.9,0.18
2017-01-07,0.6983333333333334,84.9,74.0,71.7,7.4,29.9,0.0
2017-01-08,0.6463333333333333,83.2,70.7,67.1,7.3,29.9,0.0
2017-01-09,1.2824166666666665,80.7,69.5,70.4,4.3,29.9,0.0
2017-01-10,1.2665833333333334,77.9,64.9,66.3,4.1,29.8,0.0
2017-01-11,0.49066666666666664,72.9,69.6,90.1,6.2,29.8,0.7
2017-01-12,0.3808333333333333,59.7,49.8,72.6,2.2,30.0,0.0
2017-01-13,0.596375,70.4,66.2,87.2,11.2,30.2,0.11
2017-01-14,0.78775,67.7,64.3,89.6,8.6,30.2,0.07
2017-01-15,0.574375,67.8,63.8,87.3,13.5,30.0,0.0
2017-01-16,0.47937499999999994,71.7,65.2,81.1,11.3,29.9,0.16
2017-01-17,0.3965833333333333,62.9,60.9,93.3,9.0,29.9,0.17
2017-01-18,0.38825,63.5,61.3,92.8,6.1,29.9,1.81
2017-01-19,0.38233333333333336,59.4,56.9,91.4,4.6,29.7,0.79
2017-01-20,0.38366666666666666,65.1,61.2,88.0,6.5,29.6,0.42
2017-01-21,0.43241666666666667,66.5,61.0,84.2,5.6,29.5,0.95
2017-01-22,0.40279166666666666,61.8,42.9,51.4,14.9,29.5,0.05
2017-01-23,0.39641666666666664,58.8,37.3,47.6,7.0,29.8,0.0
2017-01-24,0.3546666666666667,67.3,57.6,72.2,11.1,29.7,0.0
2017-01-25,0.41683333333333333,67.3,49.0,58.1,10.7,29.7,0.0
2017-01-26,0.37599999999999995,50.0,30.0,47.8,8.4,30.1,0.0
2017-01-27,0.45087499999999997,48.1,25.8,44.4,6.0,30.2,0.0
2017-01-28,0.5064583333333333,52.0,27.6,40.1,9.1,30.2,0.0
2017-01-29,0.4728333333333334,53.6,31.0,45.4,8.2,30.1,0.0
2017-01-30,0.43249999999999994,60.3,34.3,43.6,6.1,30.1,0.0
2017-01-31,0.3525,63.4,48.5,62.5,6.2,30.0,0.0
2017-02-01,0.45941666666666664,66.9,62.2,86.1,8.3,29.7,0.07
2017-02-02,0.4053333333333333,66.3,56.9,73.2,8.1,30.0,0.0
2017-02-03,0.36270833333333335,57.6,26.2,31.5,9.8,30.2,0.0
2017-02-04,0.7712500000000001,74.3,68.2,81.5,12.9,29.6,0.07
2017-02-05,1.7091666666666667,74.1,59.1,62.6,10.4,29.8,0.0
2017-02-06,0.9126666666666666,78.5,72.8,82.9,7.1,29.8,0.07
2017-02-07,0.7098749999999999,84.9,74.6,72.2,8.4,30.0,0.0
2017-02-08,0.3845416666666666,79.8,73.9,82.8,8.4,29.9,0.0
2017-02-09,1.3468333333333333,81.2,70.2,72.3,3.0,29.9,0.0
2017-02-10,0.9785,78.8,72.3,81.8,9.3,29.8,0.0
2017-02-11,0.636625,78.5,73.0,84.5,6.9,29.9,0.0
2017-02-12,0.372875,60.0,54.5,85.1,2.4,30.0,0.0
2017-02-13,0.601125,69.0,62.4,80.7,10.2,30.0,0.0
2017-02-14,0.4073333333333333,61.4,56.2,83.5,14.1,29.7,0.0
2017-02-15,0.35770833333333335,53.6,37.2,55.4,11.6,30.0,0.78
2017-02-16,0.44787499999999997,54.7,36.0,54.4,2.7,30.0,0.0
2017-02-17,0.45249999999999996,58.3,54.4,87.2,8.7,29.8,0.0
2017-02-18,0.6284583333333333,68.4,61.6,81.5,7.0,29.7,0.19
2017-02-19,0.7105,71.6,67.6,87.4,14.0,29.8,0.0
2017-02-20,0.5898333333333333,63.0,61.0,92.8,8.3,29.9,0.0
2017-02-21,0.435875,62.4,54.2,77.8,5.9,29.8,1.39
2017-02-22,0.36345833333333327,66.8,49.0,56.0,4.4,29.7,0.0
2017-02-23,0.3977916666666667,67.2,56.0,71.0,9.0,29.6,0.0
2017-02-24,0.47608333333333336,69.5,55.4,67.0,9.6,29.6,0.0
2017-02-25,0.41520833333333335,56.8,33.4,43.8,8.6,30.0,0.0
2017-02-26,0.45970833333333333,62.6,53.4,72.7,12.2,29.9,0.0
2017-02-27,0.3875416666666667,73.2,67.3,82.3,8.6,29.9,0.01
2017-02-28,0.6202916666666667,76.5,68.0,75.7,12.1,29.8,0.0
2017-03-01,0.42604166666666665,61.9,46.3,61.1,8.6,29.9,1.22
2017-03-02,0.3632916666666666,54.4,43.2,67.0,12.2,30.2,0.0
2017-03-03,0.4068333333333333,58.4,33.1,42.0,9.5,30.4,0.0
2017-03-04,0.7294166666666667,71.9,52.9,55.1,7.3,29.6,0.02
2017-03-05,1.6790833333333335,77.4,69.7,77.6,12.5,29.7,0.0
2017-03-06,1.20425,79.7,73.5,82.4,6.2,29.8,0.03
2017-03-07,0.8096666666666666,85.7,74.3,70.1,8.1,29.9,0.0
2017-03-08,0.4807083333333333,79.6,73.1,81.2,5.8,29.9,0.09
2017-03-09,1.446625,80.7,70.9,74.1,3.5,29.9,0.0
2017-03-10,0.9535416666666666,78.5,76.1,92.2,9.2,30.0,0.01
2017-03-11,0.827875,79.3,73.4,83.1,6.0,29.9,0.0
2017-03-12,0.40404166666666663,63.0,62.4,97.8,6.5,30.0,0.0
2017-03-13,0.37070833333333336,57.3,48.8,74.3,7.1,30.0,0.0
2017-03-14,0.38158333333333333,55.3,38.4,55.8,5.4,30.1,0.0
2017-03-15,0.351625,56.3,48.0,74.9,8.2,30.2,0.0
2017-03-16,0.34862499999999996,65.0,58.3,79.1,11.7,30.1,0.0
2017-03-17,0.36433333333333334,71.3,61.5,72.3,11.8,30.1,0.0
2017-03-18,0.7714166666666666,69.9,63.0,80.8,4.5,30.1,0.0
2017-03-19,0.6214166666666666,72.8,63.8,75.3,6.3,30.1,0.0
2017-03-20,0.8875000000000001,73.5,61.8,70.6,7.3,30.0,0.0
2017-03-21,0.530875,73.7,58.8,64.1,7.1,30.0,0.0
2017-03-22,0.7019166666666666,71.7,61.6,74.5,5.9,30.0,0.0
2017-03-23,0.605875,72.2,60.0,70.4,11.1,30.0,0.0
2017-03-24,0.5196666666666666,72.6,64.0,74.8,15.7,29.9,0.0
2017-03-25,0.5599999999999999,71.4,57.7,64.6,6.2,29.9,1.28
2017-03-26,0.6950833333333333,72.2,64.1,77.3,9.3,29.8,0.0
2017-03-27,0.8120416666666667,75.7,67.2,76.3,8.1,29.8,0.0
2017-03-28,0.8602500000000001,74.2,68.0,82.0,12.2,29.7,0.0
2017-03-29,0.8344583333333334,72.3,67.6,85.3,8.0,29.7,0.0
2017-03-30,0.5592916666666666,66.5,52.9,65.1,6.2,29.7,1.68
2017-03-31,0.5154166666666667,70.2,54.0,61.0,8.8,29.7,0.0
2017-04-01,0.42966666666666664,46.5,38.7,74.7,8.1,30.0,0.0
2017-04-02,0.409,54.4,43.8,68.1,9.9,30.1,0.0
2017-04-03,0.44325,58.7,50.7,75.1,9.0,30.3,0.0
2017-04-04,0.775125,74.6,60.2,65.8,9.1,29.6,0.0
2017-04-05,0.40454166666666663,66.5,44.4,47.9,15.5,29.9,0.2
2017-04-06,0.9925833333333333,75.1,70.7,86.9,6.5,29.7,0.28
2017-04-07,1.1326666666666665,86.3,74.3,69.0,6.3,29.9,0.0
2017-04-08,0.6717916666666667,81.0,74.4,81.3,6.0,29.9,0.03
2017-04-09,1.2918749999999999,80.9,71.5,74.5,4.4,29.9,0.0
2017-04-10,1.2433333333333334,79.1,70.2,75.5,9.2,30.0,2.12
2017-04-11,0.9430833333333334,75.7,71.4,88.2,4.2,29.9,0.0
2017-04-12,0.394625,72.7,69.6,90.3,8.8,29.8,0.55
2017-04-13,0.7975833333333333,71.6,63.2,77.7,7.7,30.0,0.19
2017-04-14,0.6028749999999999,71.0,62.4,76.3,8.4,30.0,0.0
2017-04-15,0.6742916666666666,71.5,64.1,79.8,5.9,29.9,0.0
2017-04-16,0.9880416666666667,75.7,66.9,75.5,8.6,29.9,0.0
2017-04-17,0.5998333333333333,72.6,66.2,81.3,7.0,29.9,0.0
2017-04-18,0.622125,70.5,65.8,85.7,8.3,29.9,0.23
2017-04-19,0.7300833333333333,73.6,67.4,82.0,9.0,29.9,0.28
2017-04-20,0.9402916666666666,76.2,67.5,75.9,8.1,29.9,0.01
2017-04-21,0.8680416666666667,75.5,67.5,78.3,7.3,29.8,0.0
2017-04-22,0.9897083333333333,71.1,62.3,74.5,10.8,29.8,0.0
2017-04-23,0.367875,63.0,45.8,54.5,11.8,29.9,0.0
2017-04-24,0.39258333333333334,67.3,50.0,58.0,4.1,29.8,0.0
2017-04-25,0.679375,74.9,64.2,69.3,12.5,29.5,0.0
2017-04-26,0.9647916666666667,79.5,66.3,65.2,12.8,29.4,0.0
2017-04-27,0.6396666666666667,68.0,52.7,60.7,9.4,29.6,0.0
2017-04-28,1.148875,81.4,71.6,72.8,15.8,29.5,0.0
2017-04-29,1.7992083333333333,81.0,73.8,78.7,18.6,29.5,0.0
2017-04-30,0.5266666666666667,65.8,48.0,55.4,10.2,29.8,0.01
2017-05-01,0.4283333333333333,50.4,45.8,84.1,7.0,29.8,0.0
2017-05-02,0.56175,70.3,64.9,83.8,9.8,30.0,0.03
2017-05-03,0.42812500000000003,64.6,62.2,91.7,12.5,30.0,0.09
2017-05-04,0.5220833333333333,68.0,49.5,54.6,12.7,29.8,0.0
2017-05-05,0.9003333333333333,68.6,44.4,45.3,8.2,29.9,0.0
2017-05-06,0.7454583333333332,74.8,70.8,87.6,5.1,29.6,0.92
2017-05-07,1.6032916666666666,85.8,74.3,69.2,7.7,29.9,0.0
2017-05-08,0.5005000000000001,81.8,74.8,80.3,6.1,29.9,1.23
2017-05-09,1.0687083333333334,81.6,72.0,74.5,2.9,29.9,0.0
2017-05-10,1.1196249999999999,76.8,67.2,74.3,5.6,29.9,0.0
2017-05-11,1.0980416666666668,78.1,72.1,83.6,7.8,29.9,0.0
2017-05-12,0.42375,62.6,57.2,83.7,12.2,30.0,0.29
2017-05-13,1.3607500000000001,74.7,59.9,61.6,8.3,29.8,0.0
2017-05-14,1.04925,75.1,63.0,67.8,5.4,29.8,0.0
2017-05-15,0.8894583333333334,75.1,63.8,70.1,8.5,29.8,0.0
2017-05-16,0.9702083333333333,77.8,64.8,65.8,14.8,29.8,0.0
2017-05-17,0.8495833333333334,80.0,68.7,69.0,14.0,29.7,0.0
2017-05-18,1.0879583333333334,81.9,71.1,70.8,15.5,29.7,0.0
2017-05-19,1.1747083333333335,81.9,72.4,73.5,16.0,29.7,0.0
2017-05-20,1.8626666666666667,82.3,72.8,73.9,8.3,29.8,0.01
2017-05-21,1.1094583333333334,76.8,71.2,83.3,8.1,29.9,0.0
2017-05-22,0.6350833333333333,71.7,68.2,88.3,9.8,29.8,0.04
2017-05-23,0.6047083333333333,72.3,62.7,73.5,8.8,29.7,0.19
2017-05-24,0.5177916666666667,70.8,51.2,55.0,9.1,29.7,0.02
2017-05-25,0.766,77.3,58.9,55.5,10.5,29.7,0.0
2017-05-26,0.925375,80.8,71.5,74.0,11.0,29.8,0.0
2017-05-27,1.25,84.8,73.8,70.4,11.1,29.8,0.0
2017-05-28,1.0914166666666667,82.2,73.3,74.8,11.7,29.8,0.0
2017-05-29,0.7374999999999999,74.0,68.5,83.4,7.1,29.9,1.47
2017-05-30,0.854375,78.3,69.5,75.7,7.9,29.9,0.0
2017-05-31,1.0030416666666666,77.4,70.2,79.5,6.6,29.9,0.0
2017-06-01,0.5735,35.1,28.7,77.8,15.8,30.1,0.0
2017-06-02,0.4200833333333333,72.5,65.5,79.0,10.8,29.9,0.02
2017-06-03,0.45216666666666666,72.8,67.5,83.6,13.6,29.9,0.95
2017-06-04,0.33149999999999996,64.6,40.5,46.2,3.1,30.1,0.0
2017-06-05,0.9775833333333334,70.8,49.0,50.7,3.9,29.9,0.0
2017-06-06,1.0802916666666667,78.5,70.7,78.3,8.4,29.6,1.67
2017-06-07,1.5626666666666666,85.5,73.6,69.4,6.3,30.0,0.0
2017-06-08,0.524375,84.1,76.4,78.1,6.3,29.8,0.39
2017-06-09,1.01125,75.3,62.3,67.7,10.1,29.9,0.06
2017-06-10,0.948125,75.7,65.4,72.9,4.2,29.8,0.0
2017-06-11,0.8253750000000001,79.2,71.0,77.7,7.2,29.9,0.0
2017-06-12,0.429375,44.9,40.7,85.6,11.5,30.2,0.09
2017-06-13,1.094375,82.8,75.0,77.6,13.5,29.8,0.02
2017-06-14,1.2254166666666666,85.0,73.6,70.1,10.1,29.8,0.07
2017-06-15,1.6231666666666669,85.1,73.2,69.0,7.2,29.8,0.0
2017-06-16,1.10125,85.3,72.2,66.7,8.3,29.8,0.0
2017-06-17,1.0842083333333334,84.6,73.2,69.4,9.1,29.7,0.0
2017-06-18,1.2961666666666667,85.9,73.4,67.5,9.4,29.7,0.0
2017-06-19,1.3180833333333333,85.7,73.0,68.3,4.2,29.8,0.0
2017-06-20,1.280375,84.9,72.4,67.6,9.5,29.8,0.0
2017-06-21,0.9692916666666666,80.1,71.1,74.9,15.7,29.6,0.0
2017-06-22,0.8852916666666667,79.9,74.1,83.0,9.8,29.5,0.22
2017-06-23,1.2817916666666667,85.6,75.1,72.0,9.3,29.7,0.07
2017-06-24,0.73775,78.5,74.3,87.2,6.5,29.9,0.38
2017-06-25,0.9184166666666668,78.0,72.8,84.6,8.2,30.0,2.34
2017-06-26,0.9078750000000001,79.2,71.1,77.1,8.3,29.9,0.21
2017-06-27,0.7692916666666667,78.5,72.6,82.7,7.8,29.9,0.0
2017-06-28,1.0905,80.0,72.4,78.6,10.3,29.8,0.48
2017-06-29,0.6077083333333334,81.1,74.7,81.3,8.1,29.8,0.0
2017-06-30,0.6625833333333333,85.1,76.1,75.3,10.8,29.8,0.17
2017-07-01,0.7753333333333333,29.9,15.2,57.1,10.6,30.5,0.27
2017-07-02,0.48216666666666663,75.2,61.4,65.2,8.2,29.7,0.0
2017-07-03,0.45366666666666666,71.6,63.3,75.7,9.0,30.0,0.24
2017-07-04,0.43695833333333334,67.4,47.5,52.9,4.5,30.1,0.0
2017-07-05,0.7662083333333333,71.9,56.6,61.7,7.3,29.9,0.0
2017-07-06,1.21825,82.1,67.5,64.0,7.7,29.8,0.15
2017-07-07,1.3282916666666666,85.0,73.0,68.7,4.7,29.9,0.0
2017-07-08,0.3781666666666667,79.5,75.9,88.8,6.0,29.8,0.1
2017-07-09,0.7708750000000001,72.1,56.4,60.2,6.4,30.0,0.0
2017-07-10,1.02125,78.2,71.1,79.4,4.3,29.6,0.0
2017-07-11,0.7457916666666667,77.1,69.2,78.3,6.4,29.9,0.0
2017-07-12,0.6031666666666667,42.2,38.1,85.2,11.2,30.2,0.36
2017-07-13,1.404,83.6,74.5,75.2,5.0,30.0,0.02
2017-07-14,1.33875,85.1,73.8,71.0,4.4,30.0,0.01
2017-07-15,1.0290416666666666,79.7,73.8,83.4,6.7,29.9,0.0
2017-07-16,1.3622083333333332,80.6,72.3,77.5,4.6,29.8,1.2
2017-07-17,1.1207083333333332,83.9,74.7,74.5,4.5,29.8,0.0
2017-07-18,1.253625,83.8,75.0,75.3,3.9,29.9,0.0
2017-07-19,1.4691666666666665,83.8,74.3,74.2,3.8,30.0,0.68
2017-07-20,1.5384583333333335,86.7,74.2,68.0,4.8,29.9,0.0
2017-07-21,0.985375,85.3,74.5,71.1,5.6,29.9,0.0
2017-07-22,0.6599166666666666,81.7,74.1,79.2,6.6,29.8,0.5
2017-07-23,0.7069583333333332,85.0,74.5,71.5,6.8,29.8,0.9
2017-07-24,0.6969583333333333,86.7,72.9,65.4,7.2,29.9,0.17
2017-07-25,0.6645416666666667,86.0,74.3,69.0,7.9,29.9,0.0
2017-07-26,0.7138749999999999,86.1,73.2,66.6,7.2,29.9,0.0
2017-07-27,0.8087916666666667,86.3,73.3,66.8,5.5,29.9,0.0
2017-07-28,0.9332916666666667,87.8,74.5,66.9,6.0,29.8,0.0
2017-07-29,0.9247916666666667,88.3,74.5,65.4,7.3,29.8,0.0
2017-07-30,0.8197916666666667,86.4,73.5,66.6,6.8,29.8,0.0
2017-07-31,0.6887500000000001,81.9,65.5,59.0,6.7,29.9,0.0
2017-08-01,0.65275,37.3,23.7,60.8,5.8,30.5,0.0
2017-08-02,0.6535416666666667,74.2,58.6,62.6,10.7,29.7,0.0
2017-08-03,0.351375,65.2,52.5,65.9,9.4,30.1,0.02
2017-08-04,0.44887499999999997,69.4,53.6,60.1,9.3,29.9,0.0
2017-08-05,0.7578333333333332,72.6,60.3,67.0,10.1,29.9,0.0
2017-08-06,1.099875,78.3,61.6,58.5,6.1,29.8,0.0
2017-08-07,1.6901666666666666,84.8,72.0,67.5,4.5,29.9,0.0
2017-08-08,0.3845416666666666,77.4,73.5,88.0,5.0,29.8,5.71
2017-08-09,0.805875,72.7,57.5,61.3,6.5,30.0,0.0
2017-08-10,1.8407916666666668,82.2,71.4,71.9,2.9,29.6,0.0
2017-08-11,0.444,58.8,53.7,83.6,11.1,30.0,0.0
2017-08-12,0.5805833333333333,34.6,29.1,82.5,6.5,30.1,0.51
2017-08-13,1.3074166666666667,87.0,75.0,69.0,7.0,29.8,0.0
2017-08-14,1.4442916666666668,87.4,74.1,66.1,8.3,29.8,0.0
2017-08-15,1.3334166666666667,87.4,74.1,66.1,7.8,29.8,0.0
2017-08-16,1.4496666666666667,87.6,76.0,69.2,9.0,29.8,0.0
2017-08-17,1.4700416666666667,88.4,73.8,64.0,7.3,29.9,0.0
2017-08-18,1.5659583333333333,87.5,75.2,68.5,5.8,29.9,0.0
2017-08-19,1.958875,87.6,74.7,67.4,4.8,29.9,0.0
2017-08-20,1.9248333333333332,86.4,73.9,68.4,5.3,29.9,0.0
2017-08-21,1.5256666666666667,84.2,74.8,74.9,6.0,29.9,0.0
2017-08-22,1.5205833333333334,85.0,73.0,69.7,3.8,29.9,0.0
2017-08-23,1.3139583333333333,84.5,73.4,70.5,5.4,29.8,0.0
2017-08-24,1.3066250000000001,83.0,73.2,74.0,7.6,29.8,0.15
2017-08-25,1.1915,77.7,73.7,87.5,14.7,29.7,0.0
2017-08-26,0.7837916666666667,77.3,75.1,92.6,18.4,29.7,0.89
2017-08-27,0.8532083333333333,75.4,73.8,95.0,15.3,29.6,13.43
2017-08-28,0.8127916666666666,72.4,70.0,92.1,23.9,29.6,10.75
2017-08-29,0.9631666666666666,72.6,69.7,90.4,21.9,29.6,5.28
2017-08-30,1.0804583333333333,78.2,67.8,71.1,14.8,29.6,0.91
2017-08-31,1.1465833333333333,81.4,66.8,63.0,7.0,29.8,0.0
2017-09-01,0.41170833333333334,57.3,49.8,76.3,11.0,30.2,0.0
2017-09-02,0.3802083333333333,58.9,37.5,46.7,8.6,30.1,0.0
2017-09-03,0.4730833333333333,72.0,66.3,82.8,9.3,30.0,0.0
2017-09-04,0.8039166666666667,73.1,60.3,65.1,12.8,29.9,0.0
2017-09-05,0.6337083333333333,74.1,66.1,76.5,9.7,29.9,0.0
2017-09-06,0.9612083333333333,77.1,64.6,66.3,4.8,29.8,0.0
2017-09-07,2.0300416666666665,81.3,72.1,75.7,7.7,29.9,0.0
2017-09-08,0.5983333333333333,81.9,74.6,79.8,5.0,29.9,0.03
2017-09-09,0.9569583333333332,74.2,59.4,61.8,7.0,30.0,0.0
2017-09-10,1.1732500000000001,82.5,73.0,75.2,4.5,29.7,0.0
2017-09-11,0.422375,56.9,51.3,82.6,10.0,30.1,0.06
2017-09-12,0.4721666666666666,43.7,34.3,74.9,3.0,30.1,0.0
2017-09-13,0.7583333333333333,77.4,64.9,66.8,4.8,29.7,0.0
2017-09-14,1.002,79.2,68.2,71.3,7.1,29.8,0.0
2017-09-15,1.0669166666666667,79.3,70.4,76.1,6.3,29.8,0.0
2017-09-16,1.4075833333333334,78.5,70.8,79.8,4.1,29.9,0.0
2017-09-17,1.5817916666666667,80.4,71.9,77.1,4.1,29.9,0.0
2017-09-18,1.0692083333333333,79.7,75.0,86.2,4.9,29.9,0.0
2017-09-19,1.2003333333333333,82.0,74.2,78.9,5.7,29.8,0.42
2017-09-20,1.1977916666666666,83.7,75.3,76.3,7.1,29.8,0.0
2017-09-21,0.8856666666666667,79.1,74.1,84.8,7.3,29.8,0.48
2017-09-22,1.1693333333333333,78.5,72.3,83.2,4.3,29.8,0.02
2017-09-23,1.4495416666666667,79.7,72.1,79.0,6.0,29.8,0.0
2017-09-24,1.4349583333333333,79.0,72.0,81.1,6.8,29.8,0.0
2017-09-25,1.0781666666666667,80.0,72.2,78.5,7.7,29.7,0.01
2017-09-26,0.8678750000000001,80.0,71.8,77.8,5.1,29.8,0.0
2017-09-27,0.963,81.5,72.3,75.6,4.0,29.8,0.0
2017-09-28,0.9630000000000001,80.3,73.0,79.8,4.8,29.8,0.0
2017-09-29,1.1358333333333333,80.9,69.3,69.5,8.7,29.9,0.24
2017-09-30,1.16475,77.3,61.3,59.6,6.3,29.9,0.0
2017-10-01,0.37070833333333336,69.8,61.1,74.3,10.4,30.0,0.0
2017-10-02,0.3827083333333334,64.3,57.0,77.5,9.7,30.1,0.0
2017-10-03,0.6213333333333333,71.8,66.5,83.9,5.7,30.0,0.0
2017-10-04,0.6969583333333333,74.3,67.3,78.8,12.1,29.9,0.0
2017-10-05,0.7561666666666667,75.8,67.0,74.7,11.0,29.9,0.02
2017-10-06,0.8394166666666667,78.3,67.9,71.5,8.4,29.8,0.0
2017-10-07,1.0724583333333333,77.2,72.5,85.9,7.4,29.9,2.31
2017-10-08,0.8673333333333333,83.6,76.0,79.8,5.8,29.9,0.0
2017-10-09,0.7571666666666667,75.2,60.2,61.7,8.0,29.9,0.0
2017-10-10,0.686125,75.3,65.7,74.1,9.0,29.9,0.0
2017-10-11,0.5681666666666666,59.6,48.4,69.3,6.8,30.1,0.0
2017-10-12,0.47104166666666664,49.3,34.6,62.1,2.9,30.3,0.0
2017-10-13,1.1972500000000001,79.8,72.0,79.6,3.9,29.9,0.0
2017-10-14,1.4036666666666668,78.2,72.8,85.9,4.4,29.9,0.0
2017-10-15,1.3234583333333334,77.3,68.7,77.0,8.1,30.0,0.0
2017-10-16,0.5378333333333333,67.7,48.1,51.0,11.6,30.1,0.0
2017-10-17,0.5145416666666667,63.4,47.2,59.0,5.0,30.1,0.0
2017-10-18,0.5267499999999999,66.9,56.4,72.3,3.8,30.0,0.0
2017-10-19,0.7115833333333333,72.0,62.8,75.2,6.3,30.0,0.0
2017-10-20,0.7557083333333333,73.7,70.3,89.3,10.9,29.9,0.01
2017-10-21,0.9830416666666667,76.0,72.9,91.1,7.0,29.8,0.01
2017-10-22,0.8292083333333333,67.8,64.4,89.6,9.9,29.9,0.04
2017-10-23,0.48737499999999995,64.4,49.3,63.8,1.9,30.0,0.97
2017-10-24,0.5003333333333333,65.8,39.8,45.5,10.3,30.1,0.0
2017-10-25,0.43412500000000004,60.6,38.1,48.5,4.5,30.1,0.0
2017-10-26,0.32693960437499997,67.3,51.5,60.0,7.0,29.8,0.0
2017-10-27,0.32349999999999995,63.0,49.7,64.3,11.2,29.8,0.0
2017-10-28,0.323625,51.8,29.0,43.7,11.1,30.0,0.0
2017-10-29,0.354875,54.0,30.4,48.0,3.4,29.9,0.0
2017-10-30,0.33670833333333333,62.1,50.5,68.7,4.8,29.9,0.0
2017-10-31,0.3391666666666666,68.7,64.7,88.4,7.2,29.9,0.0
2017-11-01,0.36916666666666664,71.8,63.4,75.9,12.6,29.9,0.0
2017-11-02,0.5857083333333334,74.9,67.0,77.4,9.9,29.9,0.0
2017-11-03,0.4845,67.5,65.0,91.7,7.7,30.0,0.0
2017-11-04,0.49462500000000004,68.1,64.1,87.2,9.6,30.0,0.14
2017-11-05,0.793375,77.8,69.8,77.2,10.0,29.8,0.0
2017-11-06,1.2910416666666666,81.2,71.4,73.4,8.8,29.8,0.0
2017-11-07,1.0795833333333333,82.3,73.9,76.3,4.6,29.9,0.5
2017-11-08,0.82825,86.4,75.8,72.1,4.8,29.9,0.12
2017-11-09,0.7770833333333332,73.8,59.0,62.0,7.3,29.9,0.0
2017-11-10,0.7027083333333334,71.0,55.5,59.3,7.4,30.0,0.0
2017-11-11,0.8995000000000001,65.1,54.9,70.0,8.5,30.0,0.0
2017-11-12,0.41170833333333334,57.3,35.5,50.2,5.3,30.1,0.0
2017-11-13,0.5692916666666666,67.9,60.3,78.8,5.2,30.1,0.0
2017-11-14,0.5087916666666666,67.1,59.5,78.6,6.8,30.0,0.0
2017-11-15,0.5670000000000001,68.5,63.2,84.8,5.2,29.9,0.0
2017-11-16,0.6752916666666667,72.1,68.1,88.1,7.1,30.0,0.0
2017-11-17,0.6138333333333333,76.1,67.9,77.7,8.3,29.9,0.0
2017-11-18,0.4902916666666666,73.5,61.2,67.8,13.3,29.8,0.0
2017-11-19,0.4090416666666667,55.3,35.5,50.3,9.3,30.1,0.0
2017-11-20,0.41970833333333335,54.3,42.9,67.9,6.4,30.0,0.0
2017-11-21,0.438375,64.0,58.1,82.0,7.3,29.8,0.0
2017-11-22,0.37266666666666665,59.8,49.0,69.4,11.4,30.1,0.0
2017-11-23,0.24341666666666664,51.5,36.9,60.9,2.7,30.0,0.0
2017-11-24,0.22916666666666666,56.4,41.5,63.5,4.0,29.9,0.0
2017-11-25,0.31758333333333333,63.7,55.8,78.3,3.9,29.9,0.0
2017-11-26,0.48420833333333335,62.9,51.0,69.0,4.2,30.1,0.0
2017-11-27,0.3420833333333333,59.0,45.4,64.2,4.7,30.0,0.0
2017-11-28,0.34025,62.7,58.1,86.6,6.1,30.0,0.0
2017-11-29,0.33075,63.6,61.2,92.7,2.5,30.1,0.0
2017-11-30,0.3257083333333333,62.3,45.3,57.9,5.0,30.1,0.0
2017-12-01,0.37729166666666664,71.5,64.7,80.7,11.1,30.0,0.0
2017-12-02,0.9014166666666666,75.0,65.4,73.6,5.9,30.0,0.0
2017-12-03,0.35401666666666665,55.8,49.5,80.0,12.6,30.0,1.37
2017-12-04,0.40487500000000004,68.5,64.0,86.0,6.3,30.0,0.73
2017-12-05,0.9122083333333334,76.4,64.2,69.0,8.9,29.7,0.33
2017-12-06,1.1435833333333334,83.1,74.1,75.2,10.8,29.8,0.02
2017-12-07,1.0602083333333334,81.9,74.3,78.5,6.8,29.9,0.0
2017-12-08,1.3832083333333334,87.2,75.5,69.8,5.7,29.8,0.0
2017-12-09,0.8602500000000001,73.8,58.3,62.5,4.7,29.7,0.0
2017-12-10,0.9093749999999999,76.3,66.1,72.0,3.5,29.9,0.0
2017-12-11,0.9872083333333332,68.2,58.4,72.3,4.8,30.1,0.0
2017-12-12,0.43695833333333334,53.8,32.3,46.3,8.1,30.1,0.0
2017-12-13,0.4478333333333333,46.9,33.6,64.1,2.7,30.0,0.0
2017-12-14,0.43979166666666664,53.7,42.9,68.8,3.5,29.9,0.0
2017-12-15,0.472,49.9,35.5,59.0,7.8,30.1,0.0
2017-12-16,0.41,51.1,41.5,72.9,9.4,30.0,0.0
2017-12-17,0.5271666666666667,52.7,50.6,93.0,3.2,30.0,0.82
2017-12-18,0.3501666666666667,63.2,60.8,92.2,6.4,30.0,0.0
2017-12-19,0.3822916666666667,72.7,69.5,90.5,10.3,29.9,0.05
2017-12-20,0.24437499999999998,67.3,56.6,72.5,5.2,29.9,0.75
2017-12-21,0.19974999999999998,67.3,62.3,84.8,6.8,29.8,0.0
2017-12-22,0.20170833333333335,69.1,64.0,84.8,12.7,29.8,0.0
2017-12-23,0.1920833333333333,46.9,37.2,70.5,8.1,30.1,0.07
2017-12-24,0.249125,49.8,40.3,73.3,8.0,30.1,0.0
2017-12-25,0.2582083333333333,46.0,35.9,69.7,8.9,30.2,0.0
2017-12-26,0.3174166666666667,48.9,42.9,81.0,10.6,30.1,0.0
2017-12-27,0.6463333333333333,42.3,40.0,91.5,12.5,30.3,0.2
2017-12-28,0.60325,41.2,36.5,83.6,8.2,30.3,0.02
2017-12-29,0.4865,48.9,37.6,65.5,6.9,30.2,0.0
2017-12-30,0.4595833333333333,53.5,50.0,88.1,7.8,30.0,0.0
2017-12-31,0.3925,47.0,42.0,83.8,13.6,30.2,0.01
2018-01-01,0.6909583333333332,34.6,16.2,48.6,14.8,30.5,0.0
2018-01-02,0.3817916666666667,66.0,56.0,72.5,5.9,29.9,0.0
2018-01-03,0.7087500000000001,70.7,59.6,70.0,12.2,29.9,0.0
2018-01-04,0.7062916666666667,70.3,62.3,78.0,7.2,29.9,0.0
2018-01-05,0.664,74.1,68.6,82.9,13.9,29.9,0.0
2018-01-06,0.7172083333333333,85.3,74.9,73.2,7.6,29.8,0.0
2018-01-07,1.894875,86.0,75.1,71.6,7.8,29.8,0.0
2018-01-08,1.453,82.5,69.0,68.5,4.8,29.8,1.56
2018-01-09,1.8860416666666666,81.5,76.8,86.1,7.2,29.8,0.0
2018-01-10,1.7141250000000001,76.1,73.8,93.1,7.5,30.0,0.0
2018-01-11,0.6189583333333334,60.9,53.5,78.6,9.7,29.8,2.26
2018-01-12,0.5400416666666666,70.7,55.5,64.3,6.6,29.6,0.01
2018-01-13,0.48091666666666666,40.0,23.2,53.2,6.5,30.4,0.0
2018-01-14,0.7166250000000001,40.1,28.0,65.5,6.2,30.4,0.0
2018-01-15,0.431875,51.0,42.8,75.9,7.6,30.2,0.0
2018-01-16,0.7217083333333334,30.3,26.2,84.7,17.7,30.5,0.17
2018-01-17,0.8647916666666666,27.6,13.2,56.2,8.7,30.6,0.18
2018-01-18,0.5835,31.7,17.8,58.5,4.7,30.4,0.0
2018-01-19,0.5218333333333333,48.2,42.2,80.7,9.2,30.1,0.0
2018-01-20,0.42754166666666665,61.4,60.3,96.0,7.2,29.9,0.07
2018-01-21,0.42883333333333334,68.5,65.4,89.9,12.2,29.8,0.02
2018-01-22,0.3538333333333333,61.0,41.6,54.3,9.6,29.9,0.6
2018-01-23,0.35375,50.9,28.2,47.3,5.6,30.1,0.0
2018-01-24,0.44725,49.7,27.5,46.4,3.9,30.3,0.0
2018-01-25,0.5489583333333333,47.3,34.1,65.3,5.9,30.3,0.0
2018-01-26,0.386625,58.0,53.3,85.0,9.0,30.1,0.0
2018-01-27,0.4130833333333333,62.1,61.9,99.2,5.7,30.0,0.23
2018-01-28,0.4187916666666667,61.8,56.3,83.8,8.0,30.1,0.49
2018-01-29,0.46449999999999997,54.3,33.1,48.1,10.0,30.3,0.0
2018-01-30,0.4943333333333333,48.8,31.2,53.2,6.5,30.3,0.0
2018-01-31,0.44908333333333333,56.0,46.3,72.9,7.5,30.0,0.0
2018-02-01,0.587125,31.2,13.9,49.6,9.9,30.4,0.0
2018-02-02,0.36916666666666664,54.3,33.6,47.0,14.3,30.2,0.0
2018-02-03,0.34062499999999996,63.0,54.1,74.0,7.2,30.1,0.01
2018-02-04,0.8237916666666667,74.8,67.5,79.5,9.1,29.8,0.0
2018-02-05,0.6829583333333332,78.3,70.9,78.3,14.5,29.9,0.0
2018-02-06,1.0312916666666667,86.1,75.1,71.4,6.6,29.8,0.0
2018-02-07,1.5185000000000002,86.0,74.7,70.7,4.9,29.9,0.0
2018-02-08,1.4733333333333334,83.2,68.2,64.2,3.3,29.9,0.0
2018-02-09,1.2785833333333334,78.1,77.0,96.4,6.8,29.8,0.19
2018-02-10,2.021729166666667,78.3,75.1,90.8,5.1,30.0,0.9
2018-02-11,0.45858333333333334,59.5,47.7,68.6,4.5,29.9,0.0
2018-02-12,0.5918333333333333,62.9,45.8,58.4,5.6,29.7,0.0
2018-02-13,0.48466666666666663,47.4,45.6,93.5,6.2,30.3,0.0
2018-02-14,0.41324999999999995,67.3,63.9,89.7,6.8,30.1,0.6
2018-02-15,0.33308333333333334,72.9,65.9,79.7,8.9,30.0,0.01
2018-02-16,0.6912083333333333,71.1,65.1,82.1,6.1,30.0,0.0
2018-02-17,0.5280833333333333,65.8,60.5,83.2,5.9,30.0,0.0
2018-02-18,0.597375,67.3,62.5,84.7,11.1,30.0,0.0
2018-02-19,0.491625,73.3,66.3,79.4,14.9,29.9,0.0
2018-02-20,0.4956666666666667,74.5,68.8,82.2,14.6,29.9,0.0
2018-02-21,0.36604166666666665,62.9,61.6,95.6,9.2,30.0,0.13
2018-02-22,0.43520833333333336,60.0,58.8,95.8,5.2,30.1,1.61
2018-02-23,0.3400833333333333,68.5,64.9,89.5,8.9,30.0,0.1
2018-02-24,0.399,74.9,68.9,82.2,9.5,29.8,0.01
2018-02-25,0.5065833333333333,60.1,58.1,93.3,8.9,29.9,0.17
2018-02-26,0.3394166666666667,59.9,55.5,86.8,8.3,30.0,1.0
2018-02-27,0.3665,68.1,64.2,87.9,11.8,29.9,0.0
2018-02-28,0.6571250000000001,75.8,68.1,78.1,11.0,29.8,0.0
2018-03-01,0.5588333333333333,33.9,15.8,50.3,6.0,30.3,0.0
2018-03-02,0.48654166666666665,50.5,44.4,81.8,7.6,30.0,0.0
2018-03-03,0.5257083333333333,64.0,53.5,70.8,9.8,30.1,0.0
2018-03-04,0.5345833333333333,76.8,67.5,73.7,11.2,29.7,0.0
2018-03-05,0.6623333333333333,79.0,70.6,76.3,14.4,29.9,0.0
2018-03-06,2.0829999999999997,83.9,73.7,73.8,7.4,29.9,0.0
2018-03-07,1.673375,84.7,73.8,72.1,7.1,29.8,0.0
2018-03-08,1.6876666666666666,83.8,70.5,67.4,5.8,29.9,0.0
2018-03-09,0.706625,76.6,76.4,99.2,8.0,29.8,0.67
2018-03-10,2.141275,80.7,77.0,89.5,3.7,29.9,0.0
2018-03-11,0.52375,66.7,55.9,69.4,8.9,29.9,0.0
2018-03-12,0.52325,56.5,40.9,57.8,10.1,30.0,0.0
2018-03-13,0.37104166666666666,57.0,39.1,56.3,3.4,30.1,0.0
2018-03-14,0.35862499999999997,58.0,40.0,54.9,4.4,30.1,0.0
2018-03-15,0.39191666666666664,62.9,53.1,72.9,9.0,29.9,0.0
2018-03-16,0.589,74.5,66.4,77.1,8.6,29.8,0.0
2018-03-17,0.8508333333333332,74.1,68.1,82.2,7.6,29.8,0.0
2018-03-18,0.7262916666666667,74.3,68.3,82.7,4.4,29.7,0.0
2018-03-19,0.6980833333333334,74.5,53.5,59.5,9.1,29.6,0.0
2018-03-20,0.5630833333333333,62.3,40.1,45.4,10.8,29.9,0.0
2018-03-21,0.3636249999999999,61.8,39.9,50.0,4.3,30.0,0.0
2018-03-22,0.46599999999999997,63.3,50.3,65.7,9.6,30.1,0.0
2018-03-23,0.39329166666666665,69.5,58.8,70.9,10.8,30.0,0.0
2018-03-24,0.5895416666666666,74.1,65.6,75.2,10.0,29.8,0.0
2018-03-25,0.6626249999999999,72.5,66.5,82.8,8.6,29.8,0.0
2018-03-26,0.7658333333333333,74.6,67.5,79.7,15.6,29.8,0.0
2018-03-27,0.81025,74.3,68.9,83.5,13.7,29.9,0.0
2018-03-28,0.4875416666666667,69.8,67.2,91.7,10.2,29.7,0.04
2018-03-29,0.3797916666666667,67.8,62.1,84.2,7.5,29.7,2.89
2018-03-30,0.2508333333333333,67.0,51.8,60.5,9.2,30.1,0.0
2018-03-31,0.293125,67.3,57.1,72.8,7.0,30.0,0.0
2018-04-01,0.4558333333333333,40.4,23.4,55.0,3.1,30.2,0.0
2018-04-02,0.37754166666666666,61.2,59.4,94.1,6.7,29.9,0.04
2018-04-03,0.5356249999999999,70.2,65.2,84.3,13.3,29.9,0.0
2018-04-04,0.6477916666666667,64.0,43.4,51.6,14.8,30.0,0.01
2018-04-05,0.453,74.9,70.2,85.3,8.6,29.9,0.0
2018-04-06,1.6460833333333333,82.8,72.9,73.3,5.1,29.9,0.01
2018-04-07,0.9321666666666667,75.5,74.0,95.4,5.8,29.9,0.04
2018-04-08,1.044375,81.3,75.3,82.9,6.9,29.9,0.0
2018-04-09,0.8130416666666668,79.6,77.0,92.4,9.2,29.9,0.33
2018-04-10,2.3800833333333333,80.8,75.2,84.8,3.6,29.9,0.03
2018-04-11,0.776875,65.9,61.8,87.5,7.3,29.9,0.0
2018-04-12,0.41429166666666667,49.8,37.5,64.5,7.8,30.2,0.0
2018-04-13,0.606125,77.5,70.3,78.8,14.2,29.6,0.0
2018-04-14,0.3734166666666667,61.0,50.4,71.0,12.5,29.8,0.28
2018-04-15,0.3717916666666667,57.0,34.6,46.3,9.9,30.0,0.17
2018-04-16,0.3473333333333333,63.8,43.1,52.8,6.1,30.1,0.0
2018-04-17,0.35241666666666666,71.8,57.9,64.6,11.5,29.9,0.0
2018-04-18,0.5500416666666667,73.3,64.3,74.3,6.8,29.9,0.0
2018-04-19,0.555,68.9,43.3,41.4,10.8,30.1,0.0
2018-04-20,0.5174166666666666,59.6,46.4,62.4,10.0,30.1,0.0
2018-04-21,0.35483333333333333,67.9,64.1,87.8,11.3,29.9,0.0
2018-04-22,0.3519583333333333,65.1,58.8,81.7,9.8,29.9,1.12
2018-04-23,0.48370833333333335,66.3,52.0,63.6,6.3,29.9,0.0
2018-04-24,0.6214166666666666,71.5,57.8,65.8,3.0,29.9,0.0
2018-04-25,0.5837083333333334,73.4,60.8,67.1,6.2,29.9,0.0
2018-04-26,0.41425,65.2,49.3,58.9,8.4,29.9,0.0
2018-04-27,0.442625,67.2,51.9,61.3,5.0,29.9,0.0
2018-04-28,0.9804166666666667,70.8,54.4,60.7,3.5,29.9,0.0
2018-04-29,0.6250416666666666,71.0,57.5,66.1,7.8,30.0,0.0
2018-04-30,0.6991666666666667,69.8,62.8,79.8,11.0,30.0,0.0
2018-05-01,0.51625,45.9,32.4,60.6,5.3,30.3,0.0
2018-05-02,0.3718333333333333,56.2,51.9,85.7,8.1,30.0,0.0
2018-05-03,0.586375,73.7,64.1,73.4,8.4,29.8,0.02
2018-05-04,0.41691666666666666,64.8,56.1,74.0,11.3,30.0,0.0
2018-05-05,1.3112916666666667,71.3,64.2,80.5,6.1,30.0,1.33
2018-05-06,1.5617083333333335,85.8,73.7,69.2,6.2,29.8,0.0
2018-05-07,1.2947083333333333,82.0,73.5,77.8,6.7,30.0,4.15
2018-05-08,1.134625,82.7,74.9,78.8,7.6,30.0,0.04
2018-05-09,0.8675,82.7,75.9,81.3,6.2,29.9,0.26
2018-05-10,2.084875,80.1,76.2,88.9,6.7,29.9,0.0
2018-05-11,0.6937083333333334,73.1,69.5,89.5,6.7,29.7,0.71
2018-05-12,0.417375,47.8,35.3,65.5,4.7,30.3,0.0
2018-05-13,1.4267916666666667,80.6,71.9,77.0,8.2,29.9,0.0
2018-05-14,1.1632083333333334,80.3,68.9,71.5,6.7,29.9,0.0
2018-05-15,1.0472916666666665,81.0,66.4,65.2,4.4,29.8,0.0
2018-05-16,1.0885416666666667,82.2,65.1,60.0,5.1,29.8,0.0
2018-05-17,1.5447916666666668,84.2,66.8,58.8,5.0,29.7,0.0
2018-05-18,1.3623750000000001,82.0,70.6,70.7,8.7,29.7,0.0
2018-05-19,1.6993749999999999,82.2,71.5,72.2,12.4,29.8,0.0
2018-05-20,1.376125,76.3,72.4,88.2,10.8,29.9,0.0
2018-05-21,0.799875,74.3,70.7,89.2,5.6,29.9,1.06
2018-05-22,0.872375,77.9,71.5,82.2,3.8,29.9,0.39
2018-05-23,0.9013333333333334,76.2,71.8,87.3,5.1,29.9,0.16
2018-05-24,1.0056666666666667,78.8,71.1,78.8,6.3,29.9,0.17
2018-05-25,0.7771666666666667,80.8,72.7,77.6,3.5,29.8,0.0
2018-05-26,0.6075833333333334,80.4,72.4,78.8,8.9,29.7,0.03
2018-05-27,0.510625,79.4,72.2,80.2,4.8,29.7,0.59
2018-05-28,0.6050833333333333,83.0,72.5,73.1,3.2,29.7,0.0
2018-05-29,0.7362083333333334,85.2,73.0,68.5,5.5,29.6,0.0
2018-05-30,0.6230416666666666,83.7,73.1,72.1,7.8,29.7,0.0
2018-05-31,0.628125,84.7,74.2,72.0,10.2,29.7,0.0
2018-06-01,0.464625,49.0,40.5,75.0,7.0,30.2,0.0
2018-06-02,0.39666666666666667,66.7,65.1,94.7,8.6,29.9,0.02
2018-06-03,0.3472916666666666,63.7,31.6,33.1,9.4,29.9,0.0
2018-06-04,0.44508333333333333,74.6,69.1,83.3,10.0,29.7,0.0
2018-06-05,1.1055833333333334,75.3,59.3,60.2,3.3,30.0,0.1
2018-06-06,1.4975416666666668,83.3,74.8,77.6,5.2,29.7,0.0
2018-06-07,1.3080416666666668,82.2,74.6,79.8,6.6,30.0,0.05
2018-06-08,1.5869166666666665,82.0,76.8,84.9,6.1,29.9,0.04
2018-06-09,0.9906666666666667,83.1,75.7,79.8,4.3,29.9,0.0
2018-06-10,2.26225,81.8,75.3,82.3,6.5,29.8,0.0
2018-06-11,1.1939583333333335,78.7,75.5,90.4,4.5,29.8,0.03
2018-06-12,0.4125833333333333,56.0,53.5,91.2,7.1,30.1,0.0
2018-06-13,1.6237083333333333,85.3,73.4,70.0,7.3,29.9,0.0
2018-06-14,1.4803333333333333,83.3,72.8,72.1,5.9,29.9,0.0
2018-06-15,1.711875,84.0,73.9,73.3,8.8,29.8,0.0
2018-06-16,1.3361666666666665,84.9,73.1,69.8,11.4,29.8,0.0
2018-06-17,1.5033750000000001,79.9,77.4,92.2,10.1,29.8,0.07
2018-06-18,1.2364583333333334,77.8,76.0,94.3,11.7,29.8,1.21
2018-06-19,1.1744583333333334,77.0,75.8,95.7,12.3,29.8,2.42
2018-06-20,0.9287083333333334,78.4,76.5,94.0,10.2,29.7,0.73
2018-06-21,1.2230416666666668,80.6,77.1,89.5,4.4,29.8,1.43
2018-06-22,1.3692916666666666,84.6,77.2,80.4,6.7,29.8,0.0
2018-06-23,1.4964583333333332,84.7,76.3,77.2,9.0,29.7,0.0
2018-06-24,1.4245416666666666,85.1,75.8,75.2,10.5,29.8,0.0
2018-06-25,1.4961666666666666,83.5,76.3,79.6,10.1,29.9,0.0
2018-06-26,1.6385416666666668,84.8,75.7,75.6,6.7,29.9,0.51
2018-06-27,1.6540416666666669,86.0,74.9,71.3,6.1,29.9,0.0
2018-06-28,1.7729583333333334,86.2,75.7,71.9,8.1,29.9,0.0
2018-06-29,1.8938750000000002,86.0,75.3,71.9,8.7,29.9,0.01
2018-06-30,1.9987083333333333,85.5,75.5,74.1,7.9,29.9,0.0
2018-07-01,0.5004166666666666,58.8,56.2,91.5,8.3,29.9,0.0
2018-07-02,0.3913333333333333,45.2,43.5,93.9,13.5,30.1,0.18
2018-07-03,0.31908333333333333,56.6,28.3,34.7,8.9,30.1,0.0
2018-07-04,0.5843333333333333,61.2,58.9,91.7,10.5,29.7,0.29
2018-07-05,0.9789166666666667,78.3,60.5,57.5,4.5,30.0,0.0
2018-07-06,1.471,84.0,73.7,73.0,7.3,29.8,0.25
2018-07-07,1.5575833333333333,80.9,74.7,83.2,5.6,29.9,0.03
2018-07-08,1.6516666666666666,82.3,76.0,82.9,4.9,29.9,0.47
2018-07-09,1.09525,82.3,76.3,82.7,5.3,29.9,0.0
2018-07-10,2.075458333333333,80.8,76.3,87.0,9.5,29.8,0.0
2018-07-11,1.452375,78.3,74.7,89.5,4.7,29.8,0.0
2018-07-12,0.38966666666666666,63.3,62.4,96.9,9.4,30.0,0.03
2018-07-13,1.5733333333333333,84.8,74.7,73.6,4.6,29.9,0.0
2018-07-14,1.6950416666666666,84.9,75.7,75.2,5.4,29.9,0.0
2018-07-15,1.7307500000000002,86.4,75.8,72.2,5.0,29.9,0.02
2018-07-16,1.585041666666667,86.6,75.1,71.0,4.9,29.9,0.0
2018-07-17,1.5633333333333335,85.6,75.2,73.6,6.3,29.9,0.0
2018-07-18,1.4597916666666668,87.5,75.8,70.1,6.5,29.9,0.0
2018-07-19,1.6833333333333333,87.0,75.8,71.9,7.3,29.8,0.0
2018-07-20,1.9106666666666667,87.8,75.1,69.2,7.6,29.8,0.0
2018-07-21,2.0334583333333334,88.0,76.0,70.0,6.5,29.9,0.0
2018-07-22,2.1257083333333333,87.5,74.6,69.2,8.2,29.8,0.0
2018-07-23,1.7473333333333334,88.7,73.6,64.2,7.2,29.8,0.0
2018-07-24,1.9237083333333331,86.4,73.4,66.6,7.2,29.8,0.0
2018-07-25,1.7023333333333335,85.2,69.6,62.8,4.6,29.9,0.0
2018-07-26,1.794625,87.1,69.1,57.7,5.8,29.9,0.0
2018-07-27,1.6560833333333334,87.3,69.5,58.1,4.8,29.9,0.0
2018-07-28,2.0107500000000003,87.2,73.8,66.7,5.5,29.9,0.0
2018-07-29,2.3972083333333334,88.2,74.3,66.2,5.7,29.9,0.0
2018-07-30,2.775104166666667,87.7,75.3,68.4,6.3,29.8,0.0
2018-07-31,1.3301666666666667,79.4,75.8,89.1,7.0,29.9,0.0
2018-08-01,0.36162500000000003,59.4,50.5,74.9,10.3,29.9,0.33
2018-08-02,0.494,48.7,41.5,76.9,6.0,30.2,0.19
2018-08-03,0.33970833333333333,56.0,35.5,48.2,7.4,30.1,0.0
2018-08-04,0.5215,50.5,45.6,83.3,7.6,29.8,0.0
2018-08-05,1.1094166666666665,79.0,59.7,55.7,5.6,29.9,0.0
2018-08-06,1.8584583333333333,83.9,72.2,70.8,5.5,29.9,0.0
2018-08-07,1.2526249999999999,77.8,75.1,91.6,4.6,29.9,0.0
2018-08-08,1.2269166666666667,82.6,74.8,78.8,5.9,29.9,0.0
2018-08-09,1.436625,81.0,75.4,85.3,4.0,29.8,1.33
2018-08-10,1.3437083333333335,79.3,75.2,88.0,9.7,29.7,0.02
2018-08-11,0.6995416666666667,66.5,65.8,97.3,7.9,29.9,0.0
2018-08-12,0.48504166666666665,48.3,46.9,95.2,12.1,29.9,4.61
2018-08-13,1.7856249999999998,84.9,75.4,75.1,7.2,29.9,0.0
2018-08-14,1.5342500000000001,84.4,75.1,75.4,9.1,29.9,0.0
2018-08-15,1.6358333333333333,85.0,76.5,77.2,7.1,29.9,0.0
2018-08-16,1.7554999999999998,85.9,76.9,75.8,6.4,29.9,0.0
2018-08-17,1.7152916666666667,86.4,76.5,74.0,6.8,29.9,0.0
2018-08-18,1.8785833333333333,86.6,76.5,73.3,6.3,29.9,0.0
2018-08-19,1.9515416666666667,87.2,75.8,71.1,7.0,29.8,0.0
2018-08-20,1.7997083333333332,86.8,76.5,73.0,7.3,29.9,0.0
2018-08-21,2.0037083333333334,85.2,76.8,78.4,7.4,29.9,0.0
2018-08-22,1.8712916666666668,87.1,75.0,69.4,6.3,30.0,0.05
2018-08-23,1.854,85.8,75.4,72.6,5.8,29.9,0.0
2018-08-24,1.889375,85.7,74.6,70.8,5.7,29.8,0.0
2018-08-25,2.0410416666666666,87.5,76.1,69.8,7.7,29.9,0.0
2018-08-26,1.985875,84.7,76.5,78.1,5.9,29.9,0.0
2018-08-27,1.5587083333333334,84.6,76.8,78.5,7.7,29.9,0.0
2018-08-28,1.4781250000000001,84.7,77.0,78.6,7.5,29.9,0.0
2018-08-29,1.0646250000000002,80.1,76.0,87.5,6.8,29.9,0.0
2018-08-30,1.4545416666666666,82.7,74.6,78.4,7.0,29.9,0.01
2018-08-31,1.6214166666666667,84.3,75.1,76.0,5.9,29.8,0.0
2018-09-01,0.4186666666666667,49.9,47.1,90.2,6.7,30.0,0.0
2018-09-02,0.37866666666666665,62.4,57.3,83.6,5.8,30.0,0.0
2018-09-03,0.3476666666666666,61.4,51.0,70.7,8.5,29.9,0.0
2018-09-04,0.3409166666666667,58.3,55.2,89.6,8.1,29.9,0.01
2018-09-05,0.9763333333333333,78.1,60.4,60.0,7.4,29.9,0.0
2018-09-06,1.1847916666666667,82.5,72.5,73.7,6.0,29.9,0.0
2018-09-07,1.2281666666666666,79.3,75.3,88.2,3.5,30.0,0.19
2018-09-08,1.5979583333333334,82.3,76.2,83.6,4.5,29.9,0.0
2018-09-09,1.2102083333333333,77.9,75.0,91.8,3.6,29.7,0.04
2018-09-10,1.2067916666666667,78.8,75.5,90.5,10.7,29.6,0.34
2018-09-11,0.6193333333333334,55.6,53.1,91.5,13.8,30.1,0.13
2018-09-12,0.5660833333333334,45.2,41.4,86.5,9.6,30.2,0.09
2018-09-13,1.0737083333333335,79.0,75.4,88.9,10.4,29.8,0.46
2018-09-14,0.9761666666666667,76.2,75.4,97.4,8.5,29.8,0.56
2018-09-15,1.4385000000000001,80.6,75.4,85.8,8.0,29.8,0.66
2018-09-16,1.7326666666666668,83.2,75.9,80.7,2.4,29.8,0.0
2018-09-17,1.6190833333333332,84.3,75.0,75.0,3.8,29.8,0.0
2018-09-18,1.6669166666666666,85.9,75.6,72.5,4.1,29.8,0.0
2018-09-19,1.4374583333333335,84.4,75.6,76.2,4.7,29.8,0.0
2018-09-20,1.3075833333333333,79.7,76.6,90.7,7.2,29.8,0.0
2018-09-21,1.1430416666666667,79.9,78.3,95.2,7.3,29.8,0.69
2018-09-22,0.90875,78.5,77.6,97.0,5.3,29.8,0.41
2018-09-23,0.9878333333333332,76.0,71.7,87.5,5.6,29.8,1.22
2018-09-24,1.2329333333333332,79.3,71.8,79.5,4.5,29.8,0.0
2018-09-25,1.199,80.4,75.7,86.4,5.5,29.8,0.0
2018-09-26,0.9992083333333333,78.8,76.0,91.4,4.1,29.9,0.17
2018-09-27,0.675125,73.9,70.2,88.8,6.9,29.9,0.24
2018-09-28,0.9394166666666667,74.8,72.4,92.3,7.1,29.9,0.0
2018-09-29,1.1622916666666667,75.0,74.2,97.5,8.0,30.0,0.0
2018-09-30,1.3550000000000002,76.4,74.0,92.6,7.1,30.0,0.83
2018-10-01,0.3870833333333333,57.4,54.7,91.0,8.1,29.8,0.0
2018-10-02,0.40825,64.2,63.2,96.7,4.9,29.8,0.98
2018-10-03,0.7708333333333334,72.7,67.0,83.0,7.2,29.7,0.0
2018-10-04,0.33179166666666665,65.7,49.6,59.9,8.8,30.1,0.02
2018-10-05,1.0513333333333332,77.1,63.3,66.3,8.5,29.9,0.0
2018-10-06,1.7082499999999998,86.2,73.8,68.8,9.5,29.8,0.0
2018-10-07,1.281125,83.0,74.5,77.6,3.5,30.0,0.0
2018-10-08,1.9530416666666666,82.2,75.3,82.3,6.6,29.9,0.01
2018-10-09,0.8581666666666666,75.9,75.0,96.9,5.5,29.8,0.01
2018-10-10,1.159625,75.3,69.9,84.7,6.7,29.7,0.1
2018-10-11,0.3950416666666667,48.3,41.1,76.5,8.6,30.2,0.03
2018-10-12,0.4911666666666667,46.5,36.5,72.2,4.3,30.3,0.0
2018-10-13,1.3182083333333334,79.8,72.3,79.9,10.1,29.7,0.0
2018-10-14,1.5627916666666666,82.0,74.2,78.6,8.5,29.7,0.0
2018-10-15,0.9138333333333333,64.5,63.7,97.3,11.6,29.9,0.0
2018-10-16,0.4056666666666666,58.3,57.5,97.2,11.3,30.0,0.97
2018-10-17,0.4159583333333334,59.7,58.1,94.7,10.8,30.1,0.0
2018-10-18,0.4163333333333333,63.2,58.8,86.0,10.1,30.1,1.02
2018-10-19,0.53925,72.7,69.0,88.4,7.3,30.0,0.0
2018-10-20,0.5292083333333334,67.3,66.1,95.8,9.2,30.0,0.55
2018-10-21,0.6004166666666667,64.5,53.5,69.8,9.5,30.1,0.03
2018-10-22,0.40454166666666663,58.8,51.4,76.5,6.4,30.0,0.0
2018-10-23,0.39045833333333335,59.0,55.0,86.8,8.9,30.0,0.02
2018-10-24,0.39675,64.9,63.3,94.6,9.7,29.9,0.38
2018-10-25,0.43929166666666664,64.1,61.0,90.4,7.8,29.8,0.4
2018-10-26,0.42637499999999995,63.0,57.0,82.8,5.3,29.8,0.0
2018-10-27,0.6363333333333333,67.4,58.1,76.0,4.1,29.9,0.0
2018-10-28,0.8294166666666666,71.6,63.3,77.9,6.0,30.0,0.0
2018-10-29,0.84775,71.7,62.9,77.5,4.3,30.0,0.0
2018-10-30,0.7282500000000001,74.8,67.1,78.8,8.8,29.9,0.0
2018-10-31,0.7099583333333334,70.5,69.3,96.0,10.2,29.7,0.0
2018-11-01,0.38279166666666664,59.3,55.4,87.5,11.1,29.7,0.01
2018-11-02,0.7007916666666666,40.9,36.2,83.7,14.3,30.0,0.69
2018-11-03,0.7032041666666666,71.6,61.6,72.3,12.5,29.8,0.0
2018-11-04,0.33479166666666665,65.0,50.0,62.5,6.0,30.1,0.0
2018-11-05,1.3245833333333332,79.8,68.2,70.0,10.9,29.9,0.0
2018-11-06,1.61725,85.9,74.2,70.2,10.1,29.8,0.0
2018-11-07,1.3821666666666665,84.9,75.3,74.8,4.8,29.9,0.0
2018-11-08,1.76725,80.3,77.0,90.1,5.7,29.9,0.0
2018-11-09,0.9067500000000001,75.6,74.6,97.0,7.6,29.8,0.48
2018-11-10,0.8075,71.3,60.5,71.1,7.2,29.9,0.0
2018-11-11,0.4642916666666666,52.0,49.2,90.5,9.1,30.0,0.0
2018-11-12,0.4924583333333333,48.7,40.7,77.9,5.1,30.2,0.0
2018-11-13,0.6014583333333333,38.8,31.3,74.6,14.8,30.3,0.06
2018-11-14,0.5579583333333333,40.5,26.0,60.8,7.7,30.3,0.0
2018-11-15,0.4646666666666666,45.4,32.8,66.4,2.2,30.2,0.0
2018-11-16,0.3905416666666666,53.3,42.2,71.1,3.3,30.1,0.0
2018-11-17,0.3922916666666667,59.2,52.7,81.5,6.0,30.0,0.0
2018-11-18,0.46679166666666666,57.1,55.8,95.8,8.5,30.0,0.0
2018-11-19,0.4326666666666666,49.1,47.9,95.7,9.2,30.1,0.3
2018-11-20,0.3785,51.7,43.1,74.6,8.0,30.2,0.01
2018-11-21,0.4940833333333334,51.3,45.6,82.8,4.4,30.2,0.0
2018-11-22,0.4144999999999999,55.0,48.3,80.8,4.3,30.1,0.18
2018-11-23,0.39008333333333334,62.0,58.2,88.0,4.4,29.8,0.0
2018-11-24,0.39724999999999994,60.0,54.4,85.6,2.9,29.7,0.01
2018-11-25,0.46374999999999994,66.2,55.5,72.4,11.2,29.8,0.0
2018-11-26,0.5065833333333333,48.3,32.1,55.0,10.2,30.1,0.0
2018-11-27,0.46858333333333335,48.0,34.7,64.6,3.0,30.1,0.0
2018-11-28,0.43929166666666664,58.8,52.3,80.6,5.4,29.9,0.0
2018-11-29,0.3957916666666666,70.0,67.3,91.6,8.0,29.8,0.0
2018-11-30,0.3792083333333333,72.7,70.2,92.3,9.6,29.7,0.16
2018-12-01,0.4919166666666667,39.4,21.4,49.2,14.5,30.1,0.96
2018-12-02,0.547875,41.1,36.5,83.8,10.3,30.2,0.0
2018-12-03,0.5464166666666667,56.9,38.1,50.4,9.5,30.1,0.01
2018-12-04,0.36158333333333337,71.4,62.5,75.4,12.4,29.8,0.0
2018-12-05,1.3876666666666668,79.5,71.8,78.5,11.0,29.9,0.0
2018-12-06,1.309125,86.8,74.0,67.5,9.7,29.8,0.0
2018-12-07,1.655541666666667,84.1,75.3,76.3,5.3,29.9,0.0
2018-12-08,1.5599583333333333,83.0,76.1,80.8,5.7,29.9,0.09
2018-12-09,0.9262916666666667,79.1,75.5,89.0,9.0,29.9,0.03
2018-12-10,1.0005416666666667,71.9,65.0,80.1,8.2,29.8,0.0
2018-12-11,0.51175,50.9,49.4,94.8,13.3,29.9,0.13
2018-12-12,0.50025,62.8,56.0,79.2,8.6,29.9,0.0
2018-12-13,0.3965416666666666,65.5,58.7,80.1,10.0,29.6,0.68
2018-12-14,0.46041666666666664,47.7,43.1,84.6,12.7,29.8,0.01
2018-12-15,0.467125,53.6,39.6,61.6,8.3,30.0,0.0
2018-12-16,0.5679166666666666,52.7,44.7,75.7,1.6,30.2,0.0
2018-12-17,0.48445833333333327,57.0,50.1,81.2,2.7,30.1,0.0
2018-12-18,0.39245833333333335,54.5,53.0,95.2,4.5,30.0,0.0
2018-12-19,0.41283333333333333,54.8,54.2,97.7,5.3,29.7,0.08
2018-12-20,0.4539583333333333,56.8,44.4,69.1,12.4,29.7,0.07
2018-12-21,0.460875,52.6,32.7,48.6,7.8,29.9,0.0
2018-12-22,0.447125,62.4,52.7,72.3,8.4,29.9,0.0
2018-12-23,0.27349999999999997,60.3,50.9,75.3,7.7,30.1,0.0
2018-12-24,0.38691666666666663,56.8,50.4,79.9,7.6,30.1,0.0
2018-12-25,0.4322916666666667,63.6,61.9,94.6,6.5,30.0,0.0
2018-12-26,0.42724999999999996,66.0,64.9,96.3,20.6,29.8,0.0
2018-12-27,0.39395833333333335,61.4,56.3,85.0,8.3,29.7,1.3
2018-12-28,0.41920833333333335,53.7,41.9,65.7,9.2,29.9,0.4
2018-12-29,0.5163333333333333,49.6,41.7,74.4,11.7,30.0,0.0
2018-12-30,0.5755416666666667,47.1,45.4,94.3,6.9,29.9,0.0
2018-12-31,0.45245833333333335,49.9,48.2,94.3,5.1,29.8,0.32
2019-01-01,0.43333333333333335,50.7,45.5,84.8,5.0,30.0,0.03
2019-01-02,0.3641666666666667,60.1,58.5,94.7,7.0,30.0,0.14
2019-01-03,0.4479583333333333,53.1,50.9,92.4,4.8,29.9,0.14
2019-01-04,0.44275,48.2,38.6,71.2,4.6,30.1,0.0
2019-01-05,0.8664166666666667,79.5,71.9,78.0,15.5,29.8,0.0
2019-01-06,0.585875,81.9,73.3,77.6,3.4,29.8,0.13
2019-01-07,1.29725,82.7,74.5,77.5,6.7,29.9,0.0
2019-01-08,1.3754166666666665,85.3,72.9,68.1,4.3,29.9,0.0
2019-01-09,1.4075833333333332,86.1,69.5,61.6,6.1,29.9,0.0
2019-01-10,1.1437083333333333,81.8,73.1,76.8,8.0,29.9,0.0
2019-01-11,0.40558333333333335,48.0,36.5,67.3,4.3,30.2,0.0
2019-01-12,0.4935833333333333,59.1,31.2,35.8,10.1,30.0,0.07
2019-01-13,0.5165416666666667,48.3,37.8,68.2,8.0,30.2,0.0
2019-01-14,0.5363333333333333,45.6,37.2,73.8,6.1,30.3,0.0
2019-01-15,0.5403333333333333,48.1,40.8,76.2,4.6,30.2,0.0
2019-01-16,0.47537500000000005,55.8,53.3,91.8,8.3,30.1,0.0
2019-01-17,0.3733333333333333,61.9,59.2,91.4,5.4,30.0,0.07
2019-01-18,0.47141666666666665,62.3,61.0,95.6,6.6,29.9,0.0
2019-01-19,0.5539583333333333,54.1,45.0,72.5,17.5,29.9,0.5
2019-01-20,0.6736666666666666,40.9,28.8,64.1,6.8,30.2,0.0
2019-01-21,0.51925,50.4,43.8,79.5,9.3,30.1,0.0
2019-01-22,0.39037499999999997,66.9,59.4,77.5,13.7,29.8,0.0
2019-01-23,0.5459999999999999,43.8,37.7,80.6,14.5,29.9,0.72
2019-01-24,0.4995833333333333,44.1,31.0,65.0,3.7,30.1,0.23
2019-01-25,0.5441666666666667,48.0,36.3,68.2,5.8,30.2,0.0
2019-01-26,0.47041666666666665,52.7,47.9,85.6,5.3,30.1,0.0
2019-01-27,0.4154166666666666,54.4,46.6,78.1,5.1,30.0,0.03
2019-01-28,0.42874999999999996,58.1,48.9,74.1,9.1,29.8,0.0
2019-01-29,0.5121666666666667,44.2,25.1,49.8,13.5,30.1,0.15
2019-01-30,0.5153333333333333,45.3,28.4,54.3,7.2,30.1,0.0
2019-01-31,0.4598333333333333,53.1,50.0,89.5,8.9,30.0,0.0
2019-02-01,0.5095833333333334,52.3,50.7,94.4,10.5,29.9,0.0
2019-02-02,0.3667916666666667,60.2,58.8,95.2,7.3,30.0,0.01
2019-02-03,0.42625,62.7,60.5,92.7,7.0,29.9,0.0
2019-02-04,0.44654166666666667,54.7,40.6,65.4,4.1,30.1,0.0
2019-02-05,0.7989166666666666,74.9,69.9,85.1,10.9,29.9,0.0
2019-02-06,1.5984999999999998,84.7,74.0,73.2,4.7,29.8,0.0
2019-02-07,1.1410416666666667,81.1,75.7,84.3,8.3,29.9,0.0
2019-02-08,1.4578333333333333,86.2,72.2,65.0,3.6,29.8,0.0
2019-02-09,1.751125,85.5,67.3,57.5,6.8,29.9,0.0
2019-02-10,1.23775,81.6,72.9,77.0,5.9,29.9,0.0
2019-02-11,0.41533333333333333,55.7,41.2,62.6,5.5,30.2,0.0
2019-02-12,0.44158333333333327,51.2,33.0,53.3,6.5,30.1,0.0
2019-02-13,0.4649583333333333,52.4,40.1,66.1,5.8,30.1,0.0
2019-02-14,0.38558333333333333,63.5,55.8,78.3,7.9,29.8,0.0
2019-02-15,0.389125,68.3,63.9,86.5,6.3,29.7,0.0
2019-02-16,0.439125,63.1,59.8,89.3,5.6,29.6,0.01
2019-02-17,0.343875,60.3,55.9,86.2,10.5,29.7,0.01
2019-02-18,0.5550833333333333,53.8,36.3,53.4,14.5,30.0,0.06
2019-02-19,0.5332916666666666,47.9,44.8,90.6,10.9,29.8,0.0
2019-02-20,0.42112499999999997,52.0,44.7,78.8,8.5,29.8,0.27
2019-02-21,0.44325,51.8,49.9,93.7,10.0,29.8,0.0
2019-02-22,0.3833333333333333,61.2,60.9,98.9,6.5,29.8,0.19
2019-02-23,0.3675833333333333,70.6,59.0,71.5,10.2,29.8,0.0
2019-02-24,0.5099583333333333,58.0,34.1,42.1,9.3,30.1,0.0
2019-02-25,0.4589583333333333,53.7,43.9,71.7,9.8,30.1,0.0
2019-02-26,0.39725000000000005,58.4,58.3,99.6,8.3,30.0,0.03
2019-02-27,0.4009583333333333,64.7,64.7,99.9,4.8,29.9,0.56
2019-02-28,0.42758333333333337,51.7,51.2,98.4,9.2,29.9,0.03
2019-03-01,0.5604583333333334,48.8,47.6,95.7,8.2,29.9,1.47
2019-03-02,0.439125,64.9,64.2,97.6,7.7,29.8,0.05
2019-03-03,0.5052083333333334,54.6,52.4,92.6,12.0,29.9,0.08
2019-03-04,0.3609166666666666,60.6,54.7,81.7,10.3,30.0,0.0
2019-03-05,0.6087083333333333,73.5,71.3,92.9,9.1,29.8,0.45
2019-03-06,1.4172500000000001,84.1,72.9,71.9,5.3,29.8,0.0
2019-03-07,1.0567916666666666,80.9,76.4,87.0,6.9,29.8,0.13
2019-03-08,1.0597083333333333,85.4,73.3,67.8,3.7,29.8,0.0
2019-03-09,1.5624583333333335,85.4,69.4,60.6,7.2,29.8,0.0
2019-03-10,0.8768750000000001,80.8,72.0,76.5,6.2,29.9,0.0
2019-03-11,0.4413333333333333,54.2,42.0,67.6,4.5,30.1,0.0
2019-03-12,0.4696666666666667,53.6,40.8,67.5,2.8,29.9,0.0
2019-03-13,0.6970000000000001,72.1,69.5,91.5,12.8,29.6,0.0
2019-03-14,0.341375,70.4,53.2,59.8,11.1,29.8,0.38
2019-03-15,0.2674583333333333,58.1,33.8,40.6,13.6,30.2,0.0
2019-03-16,0.26416666666666666,56.5,34.2,44.0,6.8,30.2,0.0
2019-03-17,0.4482083333333333,55.6,37.6,53.7,5.3,30.2,0.0
2019-03-18,0.380875,57.1,39.7,57.0,5.9,30.1,0.0
2019-03-19,0.44979166666666665,58.7,43.3,60.2,6.2,30.1,0.0
2019-03-20,0.382625,61.3,45.7,62.5,2.8,30.1,0.0
2019-03-21,0.390380113375,64.4,44.5,55.3,3.2,30.1,0.0
2019-03-22,0.3934938858333333,66.0,48.7,59.4,5.1,30.0,0.0
2019-03-23,0.3933197117916667,65.1,58.7,81.1,9.4,30.0,0.0
2019-03-24,0.455,69.0,64.3,85.9,7.3,30.0,0.0
2019-03-25,0.491125,73.1,64.8,77.0,7.2,30.0,0.0
2019-03-26,0.6332083333333333,65.9,50.8,60.8,6.7,30.1,0.0
2019-03-27,0.58875,62.3,47.0,60.3,8.9,30.1,0.0
2019-03-28,0.3658333333333333,63.9,55.4,76.3,9.0,30.1,0.0
2019-03-29,0.3762083333333333,69.5,62.6,80.0,10.7,29.9,0.0
2019-03-30,0.5985,66.5,60.7,81.9,12.0,29.9,0.03
2019-03-31,0.40354166666666663,50.8,38.7,63.6,14.6,30.1,0.0
2019-04-01,0.48645833333333327,47.7,41.5,80.8,5.6,29.9,0.16
2019-04-02,0.43249999999999994,70.4,67.9,92.4,5.3,29.8,0.01
2019-04-03,0.5773333333333334,37.4,29.1,72.7,14.0,30.2,0.0
2019-04-04,0.41887499999999994,72.3,69.0,90.5,7.7,29.9,0.34
2019-04-05,0.7702083333333333,73.3,67.2,83.3,6.8,29.7,0.88
2019-04-06,1.2009583333333333,80.4,74.0,83.0,7.6,29.8,0.0
2019-04-07,1.5973333333333333,82.4,76.5,83.2,8.8,29.9,1.21
2019-04-08,1.1420000000000001,84.6,73.1,69.3,6.2,29.8,0.0
2019-04-09,1.6249583333333335,86.4,70.1,61.1,7.4,29.9,0.0
2019-04-10,0.9937083333333333,81.3,70.5,71.6,4.4,29.9,0.02
2019-04-11,0.40554166666666663,64.4,59.1,83.3,7.5,29.9,0.0
2019-04-12,0.42124999999999996,58.5,42.3,60.6,2.9,29.9,0.0
2019-04-13,0.509875,71.0,65.6,84.3,12.2,29.5,0.15
2019-04-14,0.45979166666666665,58.0,42.4,58.6,11.4,29.8,0.19
2019-04-15,0.3597083333333333,64.8,52.5,67.4,7.8,29.9,0.0
2019-04-16,0.4635416666666667,70.5,62.7,77.6,13.0,29.9,0.0
2019-04-17,0.6755,72.6,70.2,92.2,13.9,29.7,0.0
2019-04-18,0.6118750000000001,66.7,62.9,88.5,11.3,29.6,0.78
2019-04-19,0.34154166666666663,64.4,45.6,53.3,13.2,29.9,0.76
2019-04-20,0.2839583333333333,64.7,47.0,57.8,2.8,29.9,0.0
2019-04-21,0.3754583333333333,68.7,57.8,71.4,11.4,29.9,0.0
2019-04-22,0.49866666666666665,70.8,63.9,80.3,11.8,29.9,0.0
2019-04-23,0.5283333333333333,71.1,68.4,91.4,8.7,29.9,0.0
2019-04-24,0.5307499999999999,71.5,69.1,92.7,10.5,29.8,0.02
2019-04-25,0.7059166666666666,72.0,62.4,75.4,8.4,29.7,0.07
2019-04-26,0.8802083333333334,73.3,61.5,69.2,4.8,29.9,0.0
2019-04-27,0.6799583333333333,74.5,61.8,66.5,9.1,29.8,0.0
2019-04-28,0.7279583333333334,72.4,64.3,77.2,9.1,29.8,0.0
2019-04-29,0.846625,77.5,70.8,80.7,12.8,29.8,0.0
2019-04-30,0.9861666666666666,79.4,72.0,78.7,16.7,29.8,0.0
2019-05-01,0.6565833333333334,53.7,44.5,77.1,3.5,30.0,0.0
2019-05-02,0.394625,71.6,68.9,91.5,8.0,29.8,0.0
2019-05-03,0.566,39.3,20.7,49.3,9.4,30.3,0.0
2019-05-04,0.607625,73.3,69.9,89.8,7.2,29.8,0.01
2019-05-05,1.0181250000000002,74.5,65.3,75.0,6.8,29.8,0.0
2019-05-06,1.1205,75.4,75.1,99.1,12.9,29.7,0.74
2019-05-07,1.3793333333333333,85.3,77.0,78.5,6.5,29.9,0.0
2019-05-08,1.507125,86.1,73.5,67.5,4.7,29.8,0.13
2019-05-09,1.5811666666666666,86.5,68.4,58.6,3.9,29.9,0.0
2019-05-10,1.0492916666666667,81.0,70.4,71.7,3.8,29.8,0.0
2019-05-11,0.399125,71.5,65.0,80.8,6.3,30.0,0.0
2019-05-12,0.35941666666666666,62.4,53.4,73.5,5.4,29.9,0.0
2019-05-13,0.5955,72.1,61.4,72.5,5.8,29.8,0.0
2019-05-14,0.7118333333333333,74.5,63.8,72.6,7.5,29.9,0.0
2019-05-15,0.789,75.9,65.5,72.4,6.7,29.9,0.0
2019-05-16,0.7737083333333333,75.4,65.2,73.5,7.2,29.9,0.0
2019-05-17,0.90325,77.1,71.5,83.9,11.3,29.8,0.0
2019-05-18,1.0475416666666666,80.0,75.1,85.1,13.0,29.6,0.0
2019-05-19,1.5657083333333333,82.8,77.1,84.1,9.2,29.7,0.09
2019-05-20,1.2377083333333334,82.3,75.4,80.7,16.2,29.7,0.0
2019-05-21,1.1747916666666667,83.1,74.7,76.1,16.0,29.6,0.0
2019-05-22,1.3813333333333333,83.6,75.5,76.9,17.2,29.7,0.0
2019-05-23,0.9247916666666667,82.3,75.6,80.3,17.5,29.9,0.0
2019-05-24,0.48524999999999996,81.4,74.2,79.5,14.1,29.9,0.0
2019-05-25,0.431375,81.5,73.8,78.5,11.9,29.9,0.0
2019-05-26,0.4303333333333333,80.8,72.6,77.5,9.8,29.9,0.0
2019-05-27,0.49524999999999997,82.0,69.7,68.5,9.4,29.8,0.0
2019-05-28,0.49695833333333334,83.4,74.6,75.5,12.8,29.7,0.0
2019-05-29,0.7011666666666666,80.2,71.0,74.2,8.0,29.7,0.0
2019-05-30,0.70675,81.3,74.6,81.3,6.8,29.8,0.0
2019-05-31,0.5083333333333333,80.9,75.3,84.2,4.8,29.8,0.06
2019-06-01,0.561125,58.9,54.6,87.3,5.6,30.0,0.0
2019-06-02,0.41050000000000003,74.5,69.3,84.7,11.9,29.8,0.0
2019-06-03,0.44054166666666666,46.6,31.3,57.3,8.9,30.3,0.0
2019-06-04,0.8855416666666667,73.6,71.0,92.0,11.3,29.8,0.0
2019-06-05,0.9526249999999999,74.3,66.5,78.4,7.4,29.8,0.0
2019-06-06,1.1919583333333332,82.0,72.7,75.8,5.7,29.6,1.72
2019-06-07,1.8564583333333333,85.4,76.3,76.6,5.0,29.9,0.0
2019-06-08,1.6624166666666664,87.0,73.8,66.7,5.4,29.8,0.0
2019-06-09,1.6345833333333333,86.1,69.8,61.9,5.1,29.9,0.0
2019-06-10,1.1202916666666667,81.5,71.8,74.1,5.0,29.8,0.0
2019-06-11,0.43154166666666666,68.0,57.9,72.7,6.3,30.1,0.0
2019-06-12,0.40091666666666664,66.0,56.4,73.6,7.6,30.0,0.0
2019-06-13,1.2664583333333332,81.0,66.2,63.0,5.8,29.9,0.0
2019-06-14,1.8877916666666668,81.5,70.5,70.5,9.5,29.9,0.0
2019-06-15,1.6325416666666666,85.3,75.0,72.4,10.3,29.8,0.0
2019-06-16,2.202375,78.0,74.3,88.9,13.3,29.8,0.0
2019-06-17,0.8866666666666667,76.8,71.3,84.6,6.2,29.8,1.51
2019-06-18,1.4004166666666666,83.6,75.9,79.7,4.3,29.8,0.0
2019-06-19,1.616875,86.0,77.0,75.5,8.1,29.7,0.0
2019-06-20,1.3591666666666666,85.7,78.1,79.0,8.7,29.7,0.0
2019-06-21,1.4607083333333335,86.7,79.3,79.5,12.0,29.8,0.0
2019-06-22,1.3607083333333332,86.5,79.8,80.7,12.1,29.8,0.0
2019-06-23,1.6371666666666667,87.5,79.1,76.7,13.8,29.8,0.02
2019-06-24,1.060125,78.0,72.8,85.2,9.9,29.8,0.88
2019-06-25,0.765375,76.1,72.9,90.1,7.8,29.9,0.42
2019-06-26,0.8258333333333333,79.9,76.5,89.6,7.7,30.0,0.3
2019-06-27,0.9686666666666667,79.6,75.8,89.1,4.0,30.0,0.02
2019-06-28,1.1454583333333332,78.5,73.2,85.7,4.3,30.0,0.08
2019-06-29,1.1555833333333334,75.9,73.0,91.7,6.5,29.9,0.38
2019-06-30,1.2857083333333332,77.9,71.8,82.8,3.4,29.9,0.8
2019-07-01,0.41625,67.7,61.1,80.1,6.3,30.0,0.0
2019-07-02,0.6910833333333333,63.9,57.3,79.9,14.1,29.9,0.0
2019-07-03,0.3709166666666666,62.3,59.4,90.1,8.2,30.0,0.0
2019-07-04,0.521125,69.3,68.0,95.4,9.5,29.8,0.02
2019-07-05,0.5686666666666667,72.7,71.3,95.3,10.0,29.8,0.0
2019-07-06,1.2525,83.0,72.5,72.5,7.7,29.6,0.0
2019-07-07,1.6097916666666665,86.0,77.0,76.2,4.8,29.9,0.0
2019-07-08,1.726375,88.3,73.5,64.2,6.5,29.8,0.0
2019-07-09,1.5925416666666665,85.0,70.8,65.5,5.2,29.9,0.0
2019-07-10,0.8263333333333334,77.0,69.4,77.9,10.7,29.9,0.0
2019-07-11,0.44437499999999996,63.6,60.3,88.8,8.5,30.0,0.0
2019-07-12,0.38066666666666665,59.0,46.8,65.8,5.6,30.1,0.0
2019-07-13,1.4709583333333331,83.4,72.7,70.7,12.6,29.6,0.0
2019-07-14,1.5230833333333333,83.4,71.8,69.0,6.5,29.7,0.45
2019-07-15,1.89274030975,85.5,75.5,72.5,9.1,29.8,0.0
2019-07-16,1.9718693129166667,86.6,75.4,71.0,9.2,29.9,0.0
2019-07-17,1.6922083333333333,86.3,75.4,70.9,7.2,29.9,0.0
2019-07-18,1.55075,86.3,73.6,67.8,7.7,29.9,0.21
2019-07-19,1.6997083333333334,85.8,73.7,68.1,7.9,29.9,0.0
2019-07-20,1.38175,85.7,74.6,70.5,8.4,29.8,0.0
2019-07-21,1.5635000000000001,84.3,74.6,73.6,6.3,29.8,0.01
2019-07-22,1.2917083333333335,85.5,74.4,70.5,4.0,29.9,0.0
2019-07-23,0.9830833333333334,82.1,70.4,68.5,10.2,29.9,0.0
2019-07-24,1.0454999999999999,78.8,60.5,55.5,10.0,29.9,0.0
2019-07-25,1.207625,78.5,60.0,55.4,6.1,29.9,0.0
2019-07-26,1.0992499999999998,81.5,65.0,59.9,6.9,30.0,0.0
2019-07-27,1.8590416666666665,84.3,72.0,68.2,7.0,30.0,0.0
2019-07-28,1.6642083333333335,83.3,72.4,70.6,7.6,30.0,0.0
2019-07-29,1.4356666666666669,82.5,72.5,73.7,7.9,29.9,0.04
2019-07-30,1.536625,83.1,73.2,74.4,8.0,29.9,0.42
2019-07-31,1.444375,84.0,73.1,71.7,5.9,29.9,0.01
2019-08-01,0.41487500000000005,66.1,61.3,85.8,3.4,30.1,0.0
2019-08-02,0.5525,39.7,27.7,62.5,15.9,30.4,0.02
2019-08-03,0.354875,74.1,69.3,85.5,9.8,29.8,0.01
2019-08-04,0.5590833333333333,69.3,63.1,82.8,9.3,29.7,0.97
2019-08-05,0.7094583333333334,77.3,73.5,88.2,11.4,29.6,1.92
2019-08-06,1.5385833333333334,83.8,71.8,69.2,5.2,29.6,0.0
2019-08-07,2.1817397067083335,84.9,77.8,80.7,5.7,29.8,0.0
2019-08-08,1.7770000000000001,88.8,74.5,64.8,7.4,29.8,0.0
2019-08-09,1.8714583333333332,84.5,70.8,66.1,5.5,29.9,0.0
2019-08-10,0.711875,72.8,61.0,67.8,7.7,29.9,0.0
2019-08-11,0.4592083333333333,51.9,46.3,82.1,10.9,30.2,0.0
2019-08-12,0.43929166666666664,60.9,54.0,79.5,6.2,29.9,0.0
2019-08-13,2.2015,90.0,73.6,61.2,6.4,29.8,0.0
2019-08-14,1.8418333333333334,87.7,74.8,67.8,6.7,29.8,0.0
2019-08-15,1.7066249999999998,85.9,73.2,68.1,4.8,29.8,0.0
2019-08-16,1.6865416666666668,85.5,74.7,71.4,6.2,29.8,0.0
2019-08-17,1.9179583333333332,87.0,74.7,67.7,8.1,29.8,0.0
2019-08-18,1.6845416666666668,87.9,75.1,67.3,8.3,29.8,0.0
2019-08-19,1.9433749999999999,87.0,75.1,69.4,7.1,29.9,0.05
2019-08-20,1.421,84.3,74.3,72.8,4.5,29.9,0.0
2019-08-21,1.5516666666666667,85.6,72.5,67.4,4.4,29.9,0.09
2019-08-22,1.6448333333333334,85.6,73.4,68.3,7.8,29.8,0.0
2019-08-23,1.312875,82.3,74.9,79.0,6.9,29.8,0.02
2019-08-24,1.5869583333333335,84.0,73.8,72.8,5.8,29.8,0.16
2019-08-25,1.4721666666666666,82.3,75.7,81.4,6.4,29.7,0.01
2019-08-26,1.6765833333333333,85.8,76.1,74.7,6.6,29.7,1.5
2019-08-27,1.4062083333333335,87.0,75.3,69.7,6.4,29.8,0.0
2019-08-28,1.5904999999999998,82.1,74.1,78.5,4.8,29.9,0.0
2019-08-29,1.4763333333333335,82.9,73.0,73.5,3.7,29.9,0.29
2019-08-30,1.5179583333333333,84.5,73.9,72.4,6.4,29.9,0.17
2019-08-31,1.4271666666666667,83.8,72.5,70.2,6.1,29.9,0.0
2019-09-01,0.371125,56.3,39.9,57.3,9.3,30.3,0.0
2019-09-02,0.6049583333333334,41.6,32.1,69.2,10.0,30.3,0.0
2019-09-03,0.37645833333333334,74.7,69.1,83.6,9.3,29.7,0.0
2019-09-04,0.7016249999999999,74.0,58.6,65.6,3.7,29.8,0.01
2019-09-05,0.9490416666666667,78.2,74.9,90.1,10.8,29.7,0.08
2019-09-06,2.1685416666666666,84.8,74.2,72.3,5.5,29.8,0.0
2019-09-07,1.6580833333333331,86.8,75.5,71.6,5.4,29.8,0.31
2019-09-08,1.2394583333333333,88.7,74.0,64.2,7.5,29.8,0.0
2019-09-09,1.455875,84.6,71.5,67.4,7.7,29.9,0.0
2019-09-10,0.85125,76.8,68.1,76.0,7.3,29.8,0.0
2019-09-11,0.40162499999999995,51.7,38.9,65.6,2.4,30.1,0.01
2019-09-12,0.4705,73.8,65.6,76.6,6.8,29.7,0.0
2019-09-13,1.07325,82.9,70.9,70.2,4.5,29.9,0.05
2019-09-14,1.4329583333333333,84.3,68.8,63.2,7.2,29.9,0.0
2019-09-15,1.329,83.5,69.7,65.9,6.0,29.9,0.0
2019-09-16,1.1844166666666667,81.4,71.5,73.8,9.5,29.8,0.0
2019-09-17,0.7715416666666667,77.3,73.8,89.2,12.6,29.8,0.05
2019-09-18,0.8077083333333334,77.6,74.9,91.5,6.7,29.7,1.15
2019-09-19,0.7148333333333333,77.1,74.5,91.6,9.9,29.8,1.39
2019-09-20,0.7923749999999999,79.8,74.6,84.4,8.9,29.9,9.21
2019-09-21,1.1561666666666668,81.5,73.0,77.0,10.2,29.9,0.88
2019-09-22,1.144875,81.0,74.8,82.1,7.5,29.9,0.0
2019-09-23,1.0509583333333332,81.2,75.7,84.2,5.5,29.9,0.0
2019-09-24,1.116875,81.0,71.3,74.6,5.9,29.8,0.26
2019-09-25,1.1454583333333332,80.3,70.6,74.2,5.7,29.8,0.0
2019-09-26,1.175375,79.8,69.8,74.0,4.7,29.8,0.0
2019-09-27,1.0269166666666667,78.4,74.1,86.9,6.2,29.8,0.0
2019-09-28,1.2314166666666668,82.7,73.8,76.0,8.8,29.8,0.28
2019-09-29,1.24575,83.1,73.8,74.2,10.0,29.9,0.0
2019-09-30,1.13425,83.5,75.0,76.8,10.0,29.9,0.0
2019-10-01,0.4087083333333333,50.8,35.5,59.5,3.9,30.2,0.0
2019-10-02,0.5910416666666666,58.9,54.3,85.1,9.8,30.0,0.0
2019-10-03,0.58445,72.5,69.1,89.8,7.0,29.9,0.0
2019-10-04,0.7982916666666666,75.5,60.9,64.9,11.4,29.6,0.0
2019-10-05,0.735375,70.8,68.2,91.6,8.6,29.8,3.15
2019-10-06,1.4632916666666667,83.4,73.3,72.3,9.4,30.0,0.0
2019-10-07,1.6817083333333331,86.6,74.1,68.1,3.2,29.8,0.0
2019-10-08,1.1105833333333333,88.2,74.0,65.1,5.9,29.8,0.0
2019-10-09,1.1427916666666667,81.9,73.6,77.4,6.1,29.9,0.0
2019-10-10,0.9960833333333333,81.8,70.2,69.6,10.0,29.8,0.0
2019-10-11,0.416375,59.8,49.9,72.6,4.9,30.0,0.0
2019-10-12,0.404125,53.4,47.8,81.7,14.8,30.0,0.01
2019-10-13,0.395,68.3,55.0,63.7,5.4,29.9,0.0
2019-10-14,0.9615416666666666,77.6,70.7,79.4,7.9,29.8,0.0
2019-10-15,1.3391250000000001,82.3,73.4,76.1,6.3,29.8,0.11
2019-10-16,0.6267083333333333,71.0,66.7,86.1,8.4,29.9,1.03
2019-10-17,0.3657916666666667,60.2,50.9,72.5,6.6,29.9,0.0
2019-10-18,0.395125,65.9,56.3,73.3,4.5,29.7,0.0
2019-10-19,1.0367083333333333,75.5,67.3,77.6,4.0,29.6,0.0
2019-10-20,1.018625,81.8,73.1,75.9,8.1,29.7,0.0
2019-10-21,0.7650833333333332,73.9,63.9,72.7,9.3,29.7,0.26
2019-10-22,0.46337500000000004,65.3,44.1,50.6,5.7,30.0,0.35
2019-10-23,0.41483333333333333,66.1,52.1,63.2,9.2,30.0,0.0
2019-10-24,0.6680416666666668,69.9,62.6,78.5,11.3,29.9,0.0
2019-10-25,0.48604166666666665,56.6,52.0,84.5,13.8,29.9,0.93
2019-10-26,0.343375,56.1,47.0,72.8,7.6,29.8,0.26
2019-10-27,0.40087500000000004,64.0,55.3,75.4,6.0,29.9,0.0
2019-10-28,0.46774999999999994,68.1,61.7,80.7,8.4,29.9,0.0
2019-10-29,0.501375,70.0,66.2,87.9,8.6,29.8,0.0
2019-10-30,0.45508333333333334,59.9,56.7,89.1,11.3,29.8,2.11
2019-10-31,0.47054166666666664,46.8,32.0,58.6,13.8,30.2,0.24
2019-11-01,0.4066666666666667,55.3,48.5,79.7,8.9,30.0,0.0
2019-11-02,0.34712499999999996,68.7,67.3,95.5,7.9,29.8,0.1
2019-11-03,0.549125,71.7,68.2,89.6,8.6,30.0,0.0
2019-11-04,0.5599583333333333,72.3,65.9,80.8,8.5,29.6,0.0
2019-11-05,0.713625,71.4,70.4,96.8,6.4,29.7,0.0
2019-11-06,1.0868333333333333,79.0,65.0,63.4,7.4,29.9,0.0
2019-11-07,1.6890416666666666,86.8,73.9,66.4,6.3,29.8,0.0
2019-11-08,1.5174166666666666,88.8,74.9,65.3,6.6,29.8,0.0
2019-11-09,1.2669583333333334,81.2,73.7,79.2,5.4,30.0,1.63
2019-11-10,0.48733333333333334,66.4,60.0,80.3,12.6,29.9,0.0
2019-11-11,0.3829166666666666,59.4,53.3,80.7,12.1,29.9,0.0
2019-11-12,0.5489166666666666,49.0,36.6,64.3,10.3,30.3,0.22
2019-11-13,0.59725,39.3,26.3,61.3,4.2,30.2,0.0
2019-11-14,0.48412499999999997,45.4,39.9,81.5,9.0,30.1,0.0
2019-11-15,0.4207083333333333,47.3,38.9,76.0,5.1,30.2,0.16
2019-11-16,0.3973333333333333,48.4,37.8,70.3,2.3,30.1,0.0
2019-11-17,0.41570833333333335,54.5,44.1,71.0,1.6,29.9,0.0
2019-11-18,0.3559583333333333,58.3,47.0,70.6,2.3,29.8,0.0
2019-11-19,0.35325,61.5,52.0,75.0,3.6,29.9,0.0
2019-11-20,0.3618333333333333,68.4,61.2,79.2,10.7,29.9,0.0
2019-11-21,0.38595833333333335,74.0,66.3,77.2,11.0,29.9,0.0
2019-11-22,0.41450000000000004,68.2,62.6,82.6,7.4,29.9,0.03
2019-11-23,0.3285,54.2,43.1,67.7,8.1,29.9,0.01
2019-11-24,0.41687499999999994,54.9,42.3,66.3,2.6,29.9,0.0
2019-11-25,0.39995833333333336,68.1,60.1,76.6,7.8,29.6,0.0
2019-11-26,0.43133333333333335,76.8,68.4,75.8,9.6,29.6,0.0
2019-11-27,0.43191666666666667,66.4,36.9,36.1,14.1,30.0,0.0
2019-11-28,0.5062916666666667,67.2,55.0,67.1,12.0,30.1,0.0
2019-11-29,0.42516666666666664,72.7,69.4,89.4,13.6,29.9,0.0
2019-11-30,0.4924583333333333,75.8,68.7,79.0,10.1,29.7,0.0
2019-12-01,0.39949999999999997,59.9,53.6,81.9,8.4,29.9,0.61
2019-12-02,0.41958333333333336,60.0,45.2,60.9,11.0,30.0,0.24
2019-12-03,0.49874999999999997,67.5,66.3,95.7,12.9,30.0,0.0
2019-12-04,0.5734583333333333,66.1,57.0,73.4,10.3,29.7,0.04
2019-12-05,0.6879166666666666,69.8,63.1,80.8,8.5,29.8,0.4
2019-12-06,1.2045416666666666,79.7,65.1,64.7,3.5,29.9,0.01
2019-12-07,1.6615416666666667,87.9,71.5,59.9,10.6,29.7,0.0
2019-12-08,1.9325833333333333,89.6,74.3,63.0,7.3,29.8,0.0
2019-12-09,0.9323333333333333,83.7,72.8,72.2,6.7,29.9,0.05
2019-12-10,0.3272083333333333,60.0,44.6,58.3,11.0,30.0,0.49
2019-12-11,0.547875,39.0,24.7,58.5,16.4,30.3,0.01
2019-12-12,0.39949999999999997,50.8,41.9,72.7,3.3,30.1,0.0
2019-12-13,0.44120833333333337,61.5,50.6,69.0,4.5,29.8,0.0
2019-12-14,0.3994166666666667,59.6,49.2,72.5,5.4,29.7,0.0
2019-12-15,0.546125,74.1,66.6,78.7,10.2,29.7,0.0
2019-12-16,0.441,62.9,56.0,78.6,13.2,29.8,0.0
2019-12-17,0.4524166666666667,45.0,30.3,57.6,14.7,30.2,0.06
2019-12-18,0.5241250000000001,44.0,26.1,55.0,2.6,30.3,0.0
2019-12-19,0.557125,45.5,31.3,61.6,4.5,30.3,0.0
2019-12-20,0.570375,49.7,39.3,68.0,7.6,30.2,0.0
2019-12-21,0.3020833333333333,51.7,39.9,64.5,5.6,30.2,0.02
2019-12-22,0.203125,51.2,39.8,67.1,7.2,30.1,0.0
2019-12-23,0.20625000000000002,53.3,39.8,64.5,3.8,30.0,0.0
2019-12-24,0.21062499999999998,57.0,46.7,70.9,2.6,29.9,0.0
2019-12-25,0.20566666666666666,58.1,52.0,82.0,3.8,29.9,0.0
2019-12-26,0.20966666666666664,59.7,53.9,83.0,3.5,29.9,0.0
2019-12-27,0.21554166666666666,62.4,59.4,90.0,5.9,29.9,0.0
2019-12-28,0.21666666666666665,69.6,65.0,85.9,10.1,29.7,0.0
2019-12-29,0.2212083333333333,60.8,51.8,75.6,9.9,29.7,0.12
2019-12-30,0.206125,50.3,31.0,51.8,5.7,30.0,0.71
2019-12-31,0.21008333333333332,48.8,31.3,55.3,2.7,30.1,0.0
